n_estimators,max_depth,max_features,min_samples_split,accuracy,num_features,num_samples,class_imbalance_ratio,num_classes,num_categorical_features,num_numerical_features
50,5,sqrt,2,0.916151826,20,7999,7.770833333,2,0,20
75,5,sqrt,2,0.916485243,20,7999,7.770833333,2,0,20
100,5,sqrt,2,0.916151993,20,7999,7.770833333,2,0,20
150,5,sqrt,2,0.916318576,20,7999,7.770833333,2,0,20
200,5,sqrt,2,0.916318909,20,7999,7.770833333,2,0,20
50,5,sqrt,5,0.914818743,20,7999,7.770833333,2,0,20
75,5,sqrt,5,0.914485493,20,7999,7.770833333,2,0,20
100,5,sqrt,5,0.917319243,20,7999,7.770833333,2,0,20
150,5,sqrt,5,0.916818909,20,7999,7.770833333,2,0,20
200,5,sqrt,5,0.917819076,20,7999,7.770833333,2,0,20
50,5,sqrt,10,0.917486076,20,7999,7.770833333,2,0,20
75,5,sqrt,10,0.916819743,20,7999,7.770833333,2,0,20
100,5,sqrt,10,0.917652993,20,7999,7.770833333,2,0,20
150,5,sqrt,10,0.917319493,20,7999,7.770833333,2,0,20
200,5,sqrt,10,0.918486243,20,7999,7.770833333,2,0,20
50,5,log2,2,0.916151826,20,7999,7.770833333,2,0,20
75,5,log2,2,0.916485243,20,7999,7.770833333,2,0,20
100,5,log2,2,0.916151993,20,7999,7.770833333,2,0,20
150,5,log2,2,0.916318576,20,7999,7.770833333,2,0,20
200,5,log2,2,0.916318909,20,7999,7.770833333,2,0,20
50,5,log2,5,0.914818743,20,7999,7.770833333,2,0,20
75,5,log2,5,0.914485493,20,7999,7.770833333,2,0,20
100,5,log2,5,0.917319243,20,7999,7.770833333,2,0,20
150,5,log2,5,0.916818909,20,7999,7.770833333,2,0,20
200,5,log2,5,0.917819076,20,7999,7.770833333,2,0,20
50,5,log2,10,0.917486076,20,7999,7.770833333,2,0,20
75,5,log2,10,0.916819743,20,7999,7.770833333,2,0,20
100,5,log2,10,0.917652993,20,7999,7.770833333,2,0,20
150,5,log2,10,0.917319493,20,7999,7.770833333,2,0,20
200,5,log2,10,0.918486243,20,7999,7.770833333,2,0,20
50,7,sqrt,2,0.934488411,20,7999,7.770833333,2,0,20
75,7,sqrt,2,0.932988411,20,7999,7.770833333,2,0,20
100,7,sqrt,2,0.934988744,20,7999,7.770833333,2,0,20
150,7,sqrt,2,0.935822161,20,7999,7.770833333,2,0,20
200,7,sqrt,2,0.934822078,20,7999,7.770833333,2,0,20
50,7,sqrt,5,0.93298766,20,7999,7.770833333,2,0,20
75,7,sqrt,5,0.933988494,20,7999,7.770833333,2,0,20
100,7,sqrt,5,0.935488828,20,7999,7.770833333,2,0,20
150,7,sqrt,5,0.935655661,20,7999,7.770833333,2,0,20
200,7,sqrt,5,0.935488911,20,7999,7.770833333,2,0,20
50,7,sqrt,10,0.935321911,20,7999,7.770833333,2,0,20
75,7,sqrt,10,0.934822495,20,7999,7.770833333,2,0,20
100,7,sqrt,10,0.937155911,20,7999,7.770833333,2,0,20
150,7,sqrt,10,0.936155828,20,7999,7.770833333,2,0,20
200,7,sqrt,10,0.936322495,20,7999,7.770833333,2,0,20
50,7,log2,2,0.934488411,20,7999,7.770833333,2,0,20
75,7,log2,2,0.932988411,20,7999,7.770833333,2,0,20
100,7,log2,2,0.934988744,20,7999,7.770833333,2,0,20
150,7,log2,2,0.935822161,20,7999,7.770833333,2,0,20
200,7,log2,2,0.934822078,20,7999,7.770833333,2,0,20
50,7,log2,5,0.93298766,20,7999,7.770833333,2,0,20
75,7,log2,5,0.933988494,20,7999,7.770833333,2,0,20
100,7,log2,5,0.935488828,20,7999,7.770833333,2,0,20
150,7,log2,5,0.935655661,20,7999,7.770833333,2,0,20
200,7,log2,5,0.935488911,20,7999,7.770833333,2,0,20
50,7,log2,10,0.935321911,20,7999,7.770833333,2,0,20
75,7,log2,10,0.934822495,20,7999,7.770833333,2,0,20
100,7,log2,10,0.937155911,20,7999,7.770833333,2,0,20
150,7,log2,10,0.936155828,20,7999,7.770833333,2,0,20
200,7,log2,10,0.936322495,20,7999,7.770833333,2,0,20
50,10,sqrt,2,0.943490579,20,7999,7.770833333,2,0,20
75,10,sqrt,2,0.945157579,20,7999,7.770833333,2,0,20
100,10,sqrt,2,0.943657329,20,7999,7.770833333,2,0,20
150,10,sqrt,2,0.943324079,20,7999,7.770833333,2,0,20
200,10,sqrt,2,0.944157662,20,7999,7.770833333,2,0,20
50,10,sqrt,5,0.942156745,20,7999,7.770833333,2,0,20
75,10,sqrt,5,0.943490162,20,7999,7.770833333,2,0,20
100,10,sqrt,5,0.945657329,20,7999,7.770833333,2,0,20
150,10,sqrt,5,0.944823829,20,7999,7.770833333,2,0,20
200,10,sqrt,5,0.944824162,20,7999,7.770833333,2,0,20
50,10,sqrt,10,0.946657495,20,7999,7.770833333,2,0,20
75,10,sqrt,10,0.946157829,20,7999,7.770833333,2,0,20
100,10,sqrt,10,0.947324912,20,7999,7.770833333,2,0,20
150,10,sqrt,10,0.946991246,20,7999,7.770833333,2,0,20
200,10,sqrt,10,0.946324579,20,7999,7.770833333,2,0,20
50,10,log2,2,0.943490579,20,7999,7.770833333,2,0,20
75,10,log2,2,0.945157579,20,7999,7.770833333,2,0,20
100,10,log2,2,0.943657329,20,7999,7.770833333,2,0,20
150,10,log2,2,0.943324079,20,7999,7.770833333,2,0,20
200,10,log2,2,0.944157662,20,7999,7.770833333,2,0,20
50,10,log2,5,0.942156745,20,7999,7.770833333,2,0,20
75,10,log2,5,0.943490162,20,7999,7.770833333,2,0,20
100,10,log2,5,0.945657329,20,7999,7.770833333,2,0,20
150,10,log2,5,0.944823829,20,7999,7.770833333,2,0,20
200,10,log2,5,0.944824162,20,7999,7.770833333,2,0,20
50,10,log2,10,0.946657495,20,7999,7.770833333,2,0,20
75,10,log2,10,0.946157829,20,7999,7.770833333,2,0,20
100,10,log2,10,0.947324912,20,7999,7.770833333,2,0,20
150,10,log2,10,0.946991246,20,7999,7.770833333,2,0,20
200,10,log2,10,0.946324579,20,7999,7.770833333,2,0,20
50,15,sqrt,2,0.948658413,20,7999,7.770833333,2,0,20
75,15,sqrt,2,0.949991913,20,7999,7.770833333,2,0,20
100,15,sqrt,2,0.948325163,20,7999,7.770833333,2,0,20
150,15,sqrt,2,0.948158079,20,7999,7.770833333,2,0,20
200,15,sqrt,2,0.948324912,20,7999,7.770833333,2,0,20
50,15,sqrt,5,0.949158162,20,7999,7.770833333,2,0,20
75,15,sqrt,5,0.950324996,20,7999,7.770833333,2,0,20
100,15,sqrt,5,0.949491829,20,7999,7.770833333,2,0,20
150,15,sqrt,5,0.948491496,20,7999,7.770833333,2,0,20
200,15,sqrt,5,0.948824912,20,7999,7.770833333,2,0,20
50,15,sqrt,10,0.950825579,20,7999,7.770833333,2,0,20
75,15,sqrt,10,0.952159246,20,7999,7.770833333,2,0,20
100,15,sqrt,10,0.95215908,20,7999,7.770833333,2,0,20
150,15,sqrt,10,0.95265933,20,7999,7.770833333,2,0,20
200,15,sqrt,10,0.95165933,20,7999,7.770833333,2,0,20
50,15,log2,2,0.948658413,20,7999,7.770833333,2,0,20
75,15,log2,2,0.949991913,20,7999,7.770833333,2,0,20
100,15,log2,2,0.948325163,20,7999,7.770833333,2,0,20
150,15,log2,2,0.948158079,20,7999,7.770833333,2,0,20
200,15,log2,2,0.948324912,20,7999,7.770833333,2,0,20
50,15,log2,5,0.949158162,20,7999,7.770833333,2,0,20
75,15,log2,5,0.950324996,20,7999,7.770833333,2,0,20
100,15,log2,5,0.949491829,20,7999,7.770833333,2,0,20
150,15,log2,5,0.948491496,20,7999,7.770833333,2,0,20
200,15,log2,5,0.948824912,20,7999,7.770833333,2,0,20
50,15,log2,10,0.950825579,20,7999,7.770833333,2,0,20
75,15,log2,10,0.952159246,20,7999,7.770833333,2,0,20
100,15,log2,10,0.95215908,20,7999,7.770833333,2,0,20
150,15,log2,10,0.95265933,20,7999,7.770833333,2,0,20
200,15,log2,10,0.95165933,20,7999,7.770833333,2,0,20
50,50,sqrt,2,0.946990912,20,7999,7.770833333,2,0,20
75,50,sqrt,2,0.949158079,20,7999,7.770833333,2,0,20
100,50,sqrt,2,0.949158162,20,7999,7.770833333,2,0,20
150,50,sqrt,2,0.947991329,20,7999,7.770833333,2,0,20
200,50,sqrt,2,0.949491412,20,7999,7.770833333,2,0,20
50,50,sqrt,5,0.951658496,20,7999,7.770833333,2,0,20
75,50,sqrt,5,0.951158496,20,7999,7.770833333,2,0,20
100,50,sqrt,5,0.951825163,20,7999,7.770833333,2,0,20
150,50,sqrt,5,0.949991662,20,7999,7.770833333,2,0,20
200,50,sqrt,5,0.950158496,20,7999,7.770833333,2,0,20
50,50,sqrt,10,0.950992163,20,7999,7.770833333,2,0,20
75,50,sqrt,10,0.95215908,20,7999,7.770833333,2,0,20
100,50,sqrt,10,0.952159163,20,7999,7.770833333,2,0,20
150,50,sqrt,10,0.95182583,20,7999,7.770833333,2,0,20
200,50,sqrt,10,0.951659496,20,7999,7.770833333,2,0,20
50,50,log2,2,0.946990912,20,7999,7.770833333,2,0,20
75,50,log2,2,0.949158079,20,7999,7.770833333,2,0,20
100,50,log2,2,0.949158162,20,7999,7.770833333,2,0,20
150,50,log2,2,0.947991329,20,7999,7.770833333,2,0,20
200,50,log2,2,0.949491412,20,7999,7.770833333,2,0,20
50,50,log2,5,0.951658496,20,7999,7.770833333,2,0,20
75,50,log2,5,0.951158496,20,7999,7.770833333,2,0,20
100,50,log2,5,0.951825163,20,7999,7.770833333,2,0,20
150,50,log2,5,0.949991662,20,7999,7.770833333,2,0,20
200,50,log2,5,0.950158496,20,7999,7.770833333,2,0,20
50,50,log2,10,0.950992163,20,7999,7.770833333,2,0,20
75,50,log2,10,0.95215908,20,7999,7.770833333,2,0,20
100,50,log2,10,0.952159163,20,7999,7.770833333,2,0,20
150,50,log2,10,0.95182583,20,7999,7.770833333,2,0,20
200,50,log2,10,0.951659496,20,7999,7.770833333,2,0,20
25,3,sqrt,2,0.746792758,11,1359,1.1234375,2,0,11
50,3,sqrt,2,0.75366418,11,1359,1.1234375,2,0,11
75,3,sqrt,2,0.748762219,11,1359,1.1234375,2,0,11
100,3,sqrt,2,0.751703395,11,1359,1.1234375,2,0,11
150,3,sqrt,2,0.750725895,11,1359,1.1234375,2,0,11
25,3,sqrt,5,0.746792758,11,1359,1.1234375,2,0,11
50,3,sqrt,5,0.752683787,11,1359,1.1234375,2,0,11
75,3,sqrt,5,0.749742611,11,1359,1.1234375,2,0,11
100,3,sqrt,5,0.749742611,11,1359,1.1234375,2,0,11
150,3,sqrt,5,0.750725895,11,1359,1.1234375,2,0,11
25,3,sqrt,10,0.744831974,11,1359,1.1234375,2,0,11
50,3,sqrt,10,0.751703395,11,1359,1.1234375,2,0,11
75,3,sqrt,10,0.750720111,11,1359,1.1234375,2,0,11
100,3,sqrt,10,0.752680895,11,1359,1.1234375,2,0,11
150,3,sqrt,10,0.750723003,11,1359,1.1234375,2,0,11
25,3,log2,2,0.746792758,11,1359,1.1234375,2,0,11
50,3,log2,2,0.75366418,11,1359,1.1234375,2,0,11
75,3,log2,2,0.748762219,11,1359,1.1234375,2,0,11
100,3,log2,2,0.751703395,11,1359,1.1234375,2,0,11
150,3,log2,2,0.750725895,11,1359,1.1234375,2,0,11
25,3,log2,5,0.746792758,11,1359,1.1234375,2,0,11
50,3,log2,5,0.752683787,11,1359,1.1234375,2,0,11
75,3,log2,5,0.749742611,11,1359,1.1234375,2,0,11
100,3,log2,5,0.749742611,11,1359,1.1234375,2,0,11
150,3,log2,5,0.750725895,11,1359,1.1234375,2,0,11
25,3,log2,10,0.744831974,11,1359,1.1234375,2,0,11
50,3,log2,10,0.751703395,11,1359,1.1234375,2,0,11
75,3,log2,10,0.750720111,11,1359,1.1234375,2,0,11
100,3,log2,10,0.752680895,11,1359,1.1234375,2,0,11
150,3,log2,10,0.750723003,11,1359,1.1234375,2,0,11
25,5,sqrt,2,0.749751287,11,1359,1.1234375,2,0,11
50,5,sqrt,2,0.756605356,11,1359,1.1234375,2,0,11
75,5,sqrt,2,0.758571924,11,1359,1.1234375,2,0,11
100,5,sqrt,2,0.761521777,11,1359,1.1234375,2,0,11
150,5,sqrt,2,0.762496385,11,1359,1.1234375,2,0,11
25,5,sqrt,5,0.752706923,11,1359,1.1234375,2,0,11
50,5,sqrt,5,0.755639424,11,1359,1.1234375,2,0,11
75,5,sqrt,5,0.75563364,11,1359,1.1234375,2,0,11
100,5,sqrt,5,0.759555209,11,1359,1.1234375,2,0,11
150,5,sqrt,5,0.75661114,11,1359,1.1234375,2,0,11
25,5,sqrt,10,0.747790503,11,1359,1.1234375,2,0,11
50,5,sqrt,10,0.755630748,11,1359,1.1234375,2,0,11
75,5,sqrt,10,0.761515993,11,1359,1.1234375,2,0,11
100,5,sqrt,10,0.755627856,11,1359,1.1234375,2,0,11
150,5,sqrt,10,0.757585748,11,1359,1.1234375,2,0,11
25,5,log2,2,0.749751287,11,1359,1.1234375,2,0,11
50,5,log2,2,0.756605356,11,1359,1.1234375,2,0,11
75,5,log2,2,0.758571924,11,1359,1.1234375,2,0,11
100,5,log2,2,0.761521777,11,1359,1.1234375,2,0,11
150,5,log2,2,0.762496385,11,1359,1.1234375,2,0,11
25,5,log2,5,0.752706923,11,1359,1.1234375,2,0,11
50,5,log2,5,0.755639424,11,1359,1.1234375,2,0,11
75,5,log2,5,0.75563364,11,1359,1.1234375,2,0,11
100,5,log2,5,0.759555209,11,1359,1.1234375,2,0,11
150,5,log2,5,0.75661114,11,1359,1.1234375,2,0,11
25,5,log2,10,0.747790503,11,1359,1.1234375,2,0,11
50,5,log2,10,0.755630748,11,1359,1.1234375,2,0,11
75,5,log2,10,0.761515993,11,1359,1.1234375,2,0,11
100,5,log2,10,0.755627856,11,1359,1.1234375,2,0,11
150,5,log2,10,0.757585748,11,1359,1.1234375,2,0,11
25,7,sqrt,2,0.752683787,11,1359,1.1234375,2,0,11
50,7,sqrt,2,0.756605356,11,1359,1.1234375,2,0,11
75,7,sqrt,2,0.761504425,11,1359,1.1234375,2,0,11
100,7,sqrt,2,0.767398346,11,1359,1.1234375,2,0,11
150,7,sqrt,2,0.766417954,11,1359,1.1234375,2,0,11
25,7,sqrt,5,0.74484065,11,1359,1.1234375,2,0,11
50,7,sqrt,5,0.754644572,11,1359,1.1234375,2,0,11
75,7,sqrt,5,0.759540748,11,1359,1.1234375,2,0,11
100,7,sqrt,5,0.765434669,11,1359,1.1234375,2,0,11
150,7,sqrt,5,0.764454277,11,1359,1.1234375,2,0,11
25,7,sqrt,10,0.760532709,11,1359,1.1234375,2,0,11
50,7,sqrt,10,0.766420846,11,1359,1.1234375,2,0,11
75,7,sqrt,10,0.762487709,11,1359,1.1234375,2,0,11
100,7,sqrt,10,0.764451385,11,1359,1.1234375,2,0,11
150,7,sqrt,10,0.764457169,11,1359,1.1234375,2,0,11
25,7,log2,2,0.752683787,11,1359,1.1234375,2,0,11
50,7,log2,2,0.756605356,11,1359,1.1234375,2,0,11
75,7,log2,2,0.761504425,11,1359,1.1234375,2,0,11
100,7,log2,2,0.767398346,11,1359,1.1234375,2,0,11
150,7,log2,2,0.766417954,11,1359,1.1234375,2,0,11
25,7,log2,5,0.74484065,11,1359,1.1234375,2,0,11
50,7,log2,5,0.754644572,11,1359,1.1234375,2,0,11
75,7,log2,5,0.759540748,11,1359,1.1234375,2,0,11
100,7,log2,5,0.765434669,11,1359,1.1234375,2,0,11
150,7,log2,5,0.764454277,11,1359,1.1234375,2,0,11
25,7,log2,10,0.760532709,11,1359,1.1234375,2,0,11
50,7,log2,10,0.766420846,11,1359,1.1234375,2,0,11
75,7,log2,10,0.762487709,11,1359,1.1234375,2,0,11
100,7,log2,10,0.764451385,11,1359,1.1234375,2,0,11
150,7,log2,10,0.764457169,11,1359,1.1234375,2,0,11
25,10,sqrt,2,0.750723003,11,1359,1.1234375,2,0,11
50,10,sqrt,2,0.751706287,11,1359,1.1234375,2,0,11
75,10,sqrt,2,0.756605356,11,1359,1.1234375,2,0,11
100,10,sqrt,2,0.752680895,11,1359,1.1234375,2,0,11
150,10,sqrt,2,0.763473885,11,1359,1.1234375,2,0,11
25,10,sqrt,5,0.740904621,11,1359,1.1234375,2,0,11
50,10,sqrt,5,0.753658396,11,1359,1.1234375,2,0,11
75,10,sqrt,5,0.755622072,11,1359,1.1234375,2,0,11
100,10,sqrt,5,0.753652611,11,1359,1.1234375,2,0,11
150,10,sqrt,5,0.756599572,11,1359,1.1234375,2,0,11
25,10,sqrt,10,0.758569032,11,1359,1.1234375,2,0,11
50,10,sqrt,10,0.756605356,11,1359,1.1234375,2,0,11
75,10,sqrt,10,0.756599572,11,1359,1.1234375,2,0,11
100,10,sqrt,10,0.765440453,11,1359,1.1234375,2,0,11
150,10,sqrt,10,0.768390306,11,1359,1.1234375,2,0,11
25,10,log2,2,0.750723003,11,1359,1.1234375,2,0,11
50,10,log2,2,0.751706287,11,1359,1.1234375,2,0,11
75,10,log2,2,0.756605356,11,1359,1.1234375,2,0,11
100,10,log2,2,0.752680895,11,1359,1.1234375,2,0,11
150,10,log2,2,0.763473885,11,1359,1.1234375,2,0,11
25,10,log2,5,0.740904621,11,1359,1.1234375,2,0,11
50,10,log2,5,0.753658396,11,1359,1.1234375,2,0,11
75,10,log2,5,0.755622072,11,1359,1.1234375,2,0,11
100,10,log2,5,0.753652611,11,1359,1.1234375,2,0,11
150,10,log2,5,0.756599572,11,1359,1.1234375,2,0,11
25,10,log2,10,0.758569032,11,1359,1.1234375,2,0,11
50,10,log2,10,0.756605356,11,1359,1.1234375,2,0,11
75,10,log2,10,0.756599572,11,1359,1.1234375,2,0,11
100,10,log2,10,0.765440453,11,1359,1.1234375,2,0,11
150,10,log2,10,0.768390306,11,1359,1.1234375,2,0,11
25,50,sqrt,2,0.749774423,11,1359,1.1234375,2,0,11
50,50,sqrt,2,0.759563885,11,1359,1.1234375,2,0,11
75,50,sqrt,2,0.761518885,11,1359,1.1234375,2,0,11
100,50,sqrt,2,0.763485453,11,1359,1.1234375,2,0,11
150,50,sqrt,2,0.760541385,11,1359,1.1234375,2,0,11
25,50,sqrt,5,0.742874082,11,1359,1.1234375,2,0,11
50,50,sqrt,5,0.747781827,11,1359,1.1234375,2,0,11
75,50,sqrt,5,0.757597316,11,1359,1.1234375,2,0,11
100,50,sqrt,5,0.761521777,11,1359,1.1234375,2,0,11
150,50,sqrt,5,0.756605356,11,1359,1.1234375,2,0,11
25,50,sqrt,10,0.75464168,11,1359,1.1234375,2,0,11
50,50,sqrt,10,0.761515993,11,1359,1.1234375,2,0,11
75,50,sqrt,10,0.756599572,11,1359,1.1234375,2,0,11
100,50,sqrt,10,0.758554572,11,1359,1.1234375,2,0,11
150,50,sqrt,10,0.761507317,11,1359,1.1234375,2,0,11
25,50,log2,2,0.749774423,11,1359,1.1234375,2,0,11
50,50,log2,2,0.759563885,11,1359,1.1234375,2,0,11
75,50,log2,2,0.761518885,11,1359,1.1234375,2,0,11
100,50,log2,2,0.763485453,11,1359,1.1234375,2,0,11
150,50,log2,2,0.760541385,11,1359,1.1234375,2,0,11
25,50,log2,5,0.742874082,11,1359,1.1234375,2,0,11
50,50,log2,5,0.747781827,11,1359,1.1234375,2,0,11
75,50,log2,5,0.757597316,11,1359,1.1234375,2,0,11
100,50,log2,5,0.761521777,11,1359,1.1234375,2,0,11
150,50,log2,5,0.756605356,11,1359,1.1234375,2,0,11
25,50,log2,10,0.75464168,11,1359,1.1234375,2,0,11
50,50,log2,10,0.761515993,11,1359,1.1234375,2,0,11
75,50,log2,10,0.756599572,11,1359,1.1234375,2,0,11
100,50,log2,10,0.758554572,11,1359,1.1234375,2,0,11
150,50,log2,10,0.761507317,11,1359,1.1234375,2,0,11
50,3,sqrt,2,0.713300892,5,3524,1,2,0,5
75,3,sqrt,2,0.707623682,5,3524,1,2,0,5
100,3,sqrt,2,0.710867802,5,3524,1,2,0,5
150,3,sqrt,2,0.710462287,5,3524,1,2,0,5
50,3,sqrt,5,0.714922952,5,3524,1,2,0,5
75,3,sqrt,5,0.708840227,5,3524,1,2,0,5
100,3,sqrt,5,0.711678832,5,3524,1,2,0,5
150,3,sqrt,5,0.712489862,5,3524,1,2,0,5
50,3,sqrt,10,0.715328467,5,3524,1,2,0,5
75,3,sqrt,10,0.706407137,5,3524,1,2,0,5
100,3,sqrt,10,0.710056772,5,3524,1,2,0,5
150,3,sqrt,10,0.712489862,5,3524,1,2,0,5
50,3,log2,2,0.713300892,5,3524,1,2,0,5
75,3,log2,2,0.707623682,5,3524,1,2,0,5
100,3,log2,2,0.710867802,5,3524,1,2,0,5
150,3,log2,2,0.710462287,5,3524,1,2,0,5
50,3,log2,5,0.714922952,5,3524,1,2,0,5
75,3,log2,5,0.708840227,5,3524,1,2,0,5
100,3,log2,5,0.711678832,5,3524,1,2,0,5
150,3,log2,5,0.712489862,5,3524,1,2,0,5
50,3,log2,10,0.715328467,5,3524,1,2,0,5
75,3,log2,10,0.706407137,5,3524,1,2,0,5
100,3,log2,10,0.710056772,5,3524,1,2,0,5
150,3,log2,10,0.712489862,5,3524,1,2,0,5
50,5,sqrt,2,0.744120032,5,3524,1,2,0,5
75,5,sqrt,2,0.742497972,5,3524,1,2,0,5
100,5,sqrt,2,0.742092457,5,3524,1,2,0,5
150,5,sqrt,2,0.742903487,5,3524,1,2,0,5
50,5,sqrt,5,0.744525547,5,3524,1,2,0,5
75,5,sqrt,5,0.743714517,5,3524,1,2,0,5
100,5,sqrt,5,0.742497972,5,3524,1,2,0,5
150,5,sqrt,5,0.743309002,5,3524,1,2,0,5
50,5,sqrt,10,0.736415247,5,3524,1,2,0,5
75,5,sqrt,10,0.738442822,5,3524,1,2,0,5
100,5,sqrt,10,0.739253852,5,3524,1,2,0,5
150,5,sqrt,10,0.738442822,5,3524,1,2,0,5
50,5,log2,2,0.744120032,5,3524,1,2,0,5
75,5,log2,2,0.742497972,5,3524,1,2,0,5
100,5,log2,2,0.742092457,5,3524,1,2,0,5
150,5,log2,2,0.742903487,5,3524,1,2,0,5
50,5,log2,5,0.744525547,5,3524,1,2,0,5
75,5,log2,5,0.743714517,5,3524,1,2,0,5
100,5,log2,5,0.742497972,5,3524,1,2,0,5
150,5,log2,5,0.743309002,5,3524,1,2,0,5
50,5,log2,10,0.736415247,5,3524,1,2,0,5
75,5,log2,10,0.738442822,5,3524,1,2,0,5
100,5,log2,10,0.739253852,5,3524,1,2,0,5
150,5,log2,10,0.738442822,5,3524,1,2,0,5
50,7,sqrt,2,0.773317113,5,3524,1,2,0,5
75,7,sqrt,2,0.772911598,5,3524,1,2,0,5
100,7,sqrt,2,0.772506083,5,3524,1,2,0,5
150,7,sqrt,2,0.768450933,5,3524,1,2,0,5
50,7,sqrt,5,0.775750203,5,3524,1,2,0,5
75,7,sqrt,5,0.775750203,5,3524,1,2,0,5
100,7,sqrt,5,0.772911598,5,3524,1,2,0,5
150,7,sqrt,5,0.771289538,5,3524,1,2,0,5
50,7,sqrt,10,0.766423358,5,3524,1,2,0,5
75,7,sqrt,10,0.767234388,5,3524,1,2,0,5
100,7,sqrt,10,0.767639903,5,3524,1,2,0,5
150,7,sqrt,10,0.768045418,5,3524,1,2,0,5
50,7,log2,2,0.773317113,5,3524,1,2,0,5
75,7,log2,2,0.772911598,5,3524,1,2,0,5
100,7,log2,2,0.772506083,5,3524,1,2,0,5
150,7,log2,2,0.768450933,5,3524,1,2,0,5
50,7,log2,5,0.775750203,5,3524,1,2,0,5
75,7,log2,5,0.775750203,5,3524,1,2,0,5
100,7,log2,5,0.772911598,5,3524,1,2,0,5
150,7,log2,5,0.771289538,5,3524,1,2,0,5
50,7,log2,10,0.766423358,5,3524,1,2,0,5
75,7,log2,10,0.767234388,5,3524,1,2,0,5
100,7,log2,10,0.767639903,5,3524,1,2,0,5
150,7,log2,10,0.768045418,5,3524,1,2,0,5
50,10,sqrt,2,0.807380373,5,3524,1,2,0,5
75,10,sqrt,2,0.805352798,5,3524,1,2,0,5
100,10,sqrt,2,0.810624493,5,3524,1,2,0,5
150,10,sqrt,2,0.807380373,5,3524,1,2,0,5
50,10,sqrt,5,0.803325223,5,3524,1,2,0,5
75,10,sqrt,5,0.800486618,5,3524,1,2,0,5
100,10,sqrt,5,0.800892133,5,3524,1,2,0,5
150,10,sqrt,5,0.800081103,5,3524,1,2,0,5
50,10,sqrt,10,0.795214923,5,3524,1,2,0,5
75,10,sqrt,10,0.799270073,5,3524,1,2,0,5
100,10,sqrt,10,0.798459043,5,3524,1,2,0,5
150,10,sqrt,10,0.797648013,5,3524,1,2,0,5
50,10,log2,2,0.807380373,5,3524,1,2,0,5
75,10,log2,2,0.805352798,5,3524,1,2,0,5
100,10,log2,2,0.810624493,5,3524,1,2,0,5
150,10,log2,2,0.807380373,5,3524,1,2,0,5
50,10,log2,5,0.803325223,5,3524,1,2,0,5
75,10,log2,5,0.800486618,5,3524,1,2,0,5
100,10,log2,5,0.800892133,5,3524,1,2,0,5
150,10,log2,5,0.800081103,5,3524,1,2,0,5
50,10,log2,10,0.795214923,5,3524,1,2,0,5
75,10,log2,10,0.799270073,5,3524,1,2,0,5
100,10,log2,10,0.798459043,5,3524,1,2,0,5
150,10,log2,10,0.797648013,5,3524,1,2,0,5
50,50,sqrt,2,0.830494728,5,3524,1,2,0,5
75,50,sqrt,2,0.830900243,5,3524,1,2,0,5
100,50,sqrt,2,0.833333333,5,3524,1,2,0,5
150,50,sqrt,2,0.834144363,5,3524,1,2,0,5
50,50,sqrt,5,0.827250608,5,3524,1,2,0,5
75,50,sqrt,5,0.828467153,5,3524,1,2,0,5
100,50,sqrt,5,0.826034063,5,3524,1,2,0,5
150,50,sqrt,5,0.829278183,5,3524,1,2,0,5
50,50,sqrt,10,0.817518248,5,3524,1,2,0,5
75,50,sqrt,10,0.819140308,5,3524,1,2,0,5
100,50,sqrt,10,0.819951338,5,3524,1,2,0,5
150,50,sqrt,10,0.821573398,5,3524,1,2,0,5
50,50,log2,2,0.830494728,5,3524,1,2,0,5
75,50,log2,2,0.830900243,5,3524,1,2,0,5
100,50,log2,2,0.833333333,5,3524,1,2,0,5
150,50,log2,2,0.834144363,5,3524,1,2,0,5
50,50,log2,5,0.827250608,5,3524,1,2,0,5
75,50,log2,5,0.828467153,5,3524,1,2,0,5
100,50,log2,5,0.826034063,5,3524,1,2,0,5
150,50,log2,5,0.829278183,5,3524,1,2,0,5
50,50,log2,10,0.817518248,5,3524,1,2,0,5
75,50,log2,10,0.819140308,5,3524,1,2,0,5
100,50,log2,10,0.819951338,5,3524,1,2,0,5
150,50,log2,10,0.821573398,5,3524,1,2,0,5
50,3,sqrt,2,0.951835392,7,3233,1.229655172,2,5,2
75,3,sqrt,2,0.950951804,7,3233,1.229655172,2,5,2
100,3,sqrt,2,0.95139389,7,3233,1.229655172,2,5,2
150,3,sqrt,2,0.951395647,7,3233,1.229655172,2,5,2
50,3,sqrt,5,0.951835392,7,3233,1.229655172,2,5,2
75,3,sqrt,5,0.950951804,7,3233,1.229655172,2,5,2
100,3,sqrt,5,0.95139389,7,3233,1.229655172,2,5,2
150,3,sqrt,5,0.951395647,7,3233,1.229655172,2,5,2
50,3,sqrt,10,0.951835392,7,3233,1.229655172,2,5,2
75,3,sqrt,10,0.950951804,7,3233,1.229655172,2,5,2
100,3,sqrt,10,0.95139389,7,3233,1.229655172,2,5,2
150,3,sqrt,10,0.951395647,7,3233,1.229655172,2,5,2
50,3,log2,2,0.951835392,7,3233,1.229655172,2,5,2
75,3,log2,2,0.950951804,7,3233,1.229655172,2,5,2
100,3,log2,2,0.95139389,7,3233,1.229655172,2,5,2
150,3,log2,2,0.951395647,7,3233,1.229655172,2,5,2
50,3,log2,5,0.951835392,7,3233,1.229655172,2,5,2
75,3,log2,5,0.950951804,7,3233,1.229655172,2,5,2
100,3,log2,5,0.95139389,7,3233,1.229655172,2,5,2
150,3,log2,5,0.951395647,7,3233,1.229655172,2,5,2
50,3,log2,10,0.951835392,7,3233,1.229655172,2,5,2
75,3,log2,10,0.950951804,7,3233,1.229655172,2,5,2
100,3,log2,10,0.95139389,7,3233,1.229655172,2,5,2
150,3,log2,10,0.951395647,7,3233,1.229655172,2,5,2
50,5,sqrt,2,0.955370914,7,3233,1.229655172,2,5,2
75,5,sqrt,2,0.956256258,7,3233,1.229655172,2,5,2
100,5,sqrt,2,0.957140431,7,3233,1.229655172,2,5,2
150,5,sqrt,2,0.955373256,7,3233,1.229655172,2,5,2
50,5,sqrt,5,0.955814171,7,3233,1.229655172,2,5,2
75,5,sqrt,5,0.956698345,7,3233,1.229655172,2,5,2
100,5,sqrt,5,0.956698345,7,3233,1.229655172,2,5,2
150,5,sqrt,5,0.955373256,7,3233,1.229655172,2,5,2
50,5,sqrt,10,0.956696588,7,3233,1.229655172,2,5,2
75,5,sqrt,10,0.954931169,7,3233,1.229655172,2,5,2
100,5,sqrt,10,0.955373256,7,3233,1.229655172,2,5,2
150,5,sqrt,10,0.955815342,7,3233,1.229655172,2,5,2
50,5,log2,2,0.955370914,7,3233,1.229655172,2,5,2
75,5,log2,2,0.956256258,7,3233,1.229655172,2,5,2
100,5,log2,2,0.957140431,7,3233,1.229655172,2,5,2
150,5,log2,2,0.955373256,7,3233,1.229655172,2,5,2
50,5,log2,5,0.955814171,7,3233,1.229655172,2,5,2
75,5,log2,5,0.956698345,7,3233,1.229655172,2,5,2
100,5,log2,5,0.956698345,7,3233,1.229655172,2,5,2
150,5,log2,5,0.955373256,7,3233,1.229655172,2,5,2
50,5,log2,10,0.956696588,7,3233,1.229655172,2,5,2
75,5,log2,10,0.954931169,7,3233,1.229655172,2,5,2
100,5,log2,10,0.955373256,7,3233,1.229655172,2,5,2
150,5,log2,10,0.955815342,7,3233,1.229655172,2,5,2
50,7,sqrt,2,0.956255087,7,3233,1.229655172,2,5,2
75,7,sqrt,2,0.95713926,7,3233,1.229655172,2,5,2
100,7,sqrt,2,0.956256258,7,3233,1.229655172,2,5,2
150,7,sqrt,2,0.956256258,7,3233,1.229655172,2,5,2
50,7,sqrt,5,0.957582518,7,3233,1.229655172,2,5,2
75,7,sqrt,5,0.956698345,7,3233,1.229655172,2,5,2
100,7,sqrt,5,0.954930584,7,3233,1.229655172,2,5,2
150,7,sqrt,5,0.954488497,7,3233,1.229655172,2,5,2
50,7,sqrt,10,0.956255672,7,3233,1.229655172,2,5,2
75,7,sqrt,10,0.957138675,7,3233,1.229655172,2,5,2
100,7,sqrt,10,0.958022848,7,3233,1.229655172,2,5,2
150,7,sqrt,10,0.95713926,7,3233,1.229655172,2,5,2
50,7,log2,2,0.956255087,7,3233,1.229655172,2,5,2
75,7,log2,2,0.95713926,7,3233,1.229655172,2,5,2
100,7,log2,2,0.956256258,7,3233,1.229655172,2,5,2
150,7,log2,2,0.956256258,7,3233,1.229655172,2,5,2
50,7,log2,5,0.957582518,7,3233,1.229655172,2,5,2
75,7,log2,5,0.956698345,7,3233,1.229655172,2,5,2
100,7,log2,5,0.954930584,7,3233,1.229655172,2,5,2
150,7,log2,5,0.954488497,7,3233,1.229655172,2,5,2
50,7,log2,10,0.956255672,7,3233,1.229655172,2,5,2
75,7,log2,10,0.957138675,7,3233,1.229655172,2,5,2
100,7,log2,10,0.958022848,7,3233,1.229655172,2,5,2
150,7,log2,10,0.95713926,7,3233,1.229655172,2,5,2
50,10,sqrt,2,0.955372085,7,3233,1.229655172,2,5,2
75,10,sqrt,2,0.956255672,7,3233,1.229655172,2,5,2
100,10,sqrt,2,0.956256844,7,3233,1.229655172,2,5,2
150,10,sqrt,2,0.956254501,7,3233,1.229655172,2,5,2
50,10,sqrt,5,0.955813586,7,3233,1.229655172,2,5,2
75,10,sqrt,5,0.956696588,7,3233,1.229655172,2,5,2
100,10,sqrt,5,0.956696588,7,3233,1.229655172,2,5,2
150,10,sqrt,5,0.954929413,7,3233,1.229655172,2,5,2
50,10,sqrt,10,0.956696588,7,3233,1.229655172,2,5,2
75,10,sqrt,10,0.955370914,7,3233,1.229655172,2,5,2
100,10,sqrt,10,0.955370914,7,3233,1.229655172,2,5,2
150,10,sqrt,10,0.954487911,7,3233,1.229655172,2,5,2
50,10,log2,2,0.955372085,7,3233,1.229655172,2,5,2
75,10,log2,2,0.956255672,7,3233,1.229655172,2,5,2
100,10,log2,2,0.956256844,7,3233,1.229655172,2,5,2
150,10,log2,2,0.956254501,7,3233,1.229655172,2,5,2
50,10,log2,5,0.955813586,7,3233,1.229655172,2,5,2
75,10,log2,5,0.956696588,7,3233,1.229655172,2,5,2
100,10,log2,5,0.956696588,7,3233,1.229655172,2,5,2
150,10,log2,5,0.954929413,7,3233,1.229655172,2,5,2
50,10,log2,10,0.956696588,7,3233,1.229655172,2,5,2
75,10,log2,10,0.955370914,7,3233,1.229655172,2,5,2
100,10,log2,10,0.955370914,7,3233,1.229655172,2,5,2
150,10,log2,10,0.954487911,7,3233,1.229655172,2,5,2
50,50,sqrt,2,0.957581932,7,3233,1.229655172,2,5,2
75,50,sqrt,2,0.956255672,7,3233,1.229655172,2,5,2
100,50,sqrt,2,0.957140431,7,3233,1.229655172,2,5,2
150,50,sqrt,2,0.955814757,7,3233,1.229655172,2,5,2
50,50,sqrt,5,0.958466106,7,3233,1.229655172,2,5,2
75,50,sqrt,5,0.957581932,7,3233,1.229655172,2,5,2
100,50,sqrt,5,0.958907021,7,3233,1.229655172,2,5,2
150,50,sqrt,5,0.958022848,7,3233,1.229655172,2,5,2
50,50,sqrt,10,0.956696002,7,3233,1.229655172,2,5,2
75,50,sqrt,10,0.956696588,7,3233,1.229655172,2,5,2
100,50,sqrt,10,0.957580176,7,3233,1.229655172,2,5,2
150,50,sqrt,10,0.955813586,7,3233,1.229655172,2,5,2
50,50,log2,2,0.957581932,7,3233,1.229655172,2,5,2
75,50,log2,2,0.956255672,7,3233,1.229655172,2,5,2
100,50,log2,2,0.957140431,7,3233,1.229655172,2,5,2
150,50,log2,2,0.955814757,7,3233,1.229655172,2,5,2
50,50,log2,5,0.958466106,7,3233,1.229655172,2,5,2
75,50,log2,5,0.957581932,7,3233,1.229655172,2,5,2
100,50,log2,5,0.958907021,7,3233,1.229655172,2,5,2
150,50,log2,5,0.958022848,7,3233,1.229655172,2,5,2
50,50,log2,10,0.956696002,7,3233,1.229655172,2,5,2
75,50,log2,10,0.956696588,7,3233,1.229655172,2,5,2
100,50,log2,10,0.957580176,7,3233,1.229655172,2,5,2
150,50,log2,10,0.955813586,7,3233,1.229655172,2,5,2
25,3,sqrt,2,0.757333015,8,768,1.865671642,2,0,8
50,3,sqrt,2,0.78830703,8,768,1.865671642,2,0,8
75,3,sqrt,2,0.781802965,8,768,1.865671642,2,0,8
100,3,sqrt,2,0.785047027,8,768,1.865671642,2,0,8
25,3,sqrt,5,0.768747011,8,768,1.865671642,2,0,8
50,3,sqrt,5,0.789948988,8,768,1.865671642,2,0,8
75,3,sqrt,5,0.789933046,8,768,1.865671642,2,0,8
100,3,sqrt,5,0.786673043,8,768,1.865671642,2,0,8
25,3,sqrt,10,0.773648972,8,768,1.865671642,2,0,8
50,3,sqrt,10,0.781787024,8,768,1.865671642,2,0,8
75,3,sqrt,10,0.786673043,8,768,1.865671642,2,0,8
100,3,sqrt,10,0.780137095,8,768,1.865671642,2,0,8
25,3,log2,2,0.762211063,8,768,1.865671642,2,0,8
50,3,log2,2,0.770380998,8,768,1.865671642,2,0,8
75,3,log2,2,0.771999044,8,768,1.865671642,2,0,8
100,3,log2,2,0.77362506,8,768,1.865671642,2,0,8
25,3,log2,5,0.757309103,8,768,1.865671642,2,0,8
50,3,log2,5,0.772007014,8,768,1.865671642,2,0,8
75,3,log2,5,0.770357086,8,768,1.865671642,2,0,8
100,3,log2,5,0.76873107,8,768,1.865671642,2,0,8
25,3,log2,10,0.760577076,8,768,1.865671642,2,0,8
50,3,log2,10,0.76873904,8,768,1.865671642,2,0,8
75,3,log2,10,0.770357086,8,768,1.865671642,2,0,8
100,3,log2,10,0.773601148,8,768,1.865671642,2,0,8
25,5,sqrt,2,0.755699028,8,768,1.865671642,2,0,8
50,5,sqrt,2,0.770333174,8,768,1.865671642,2,0,8
75,5,sqrt,2,0.775219193,8,768,1.865671642,2,0,8
100,5,sqrt,2,0.775235135,8,768,1.865671642,2,0,8
25,5,sqrt,5,0.771999044,8,768,1.865671642,2,0,8
50,5,sqrt,5,0.775243105,8,768,1.865671642,2,0,8
75,5,sqrt,5,0.79152718,8,768,1.865671642,2,0,8
100,5,sqrt,5,0.788267177,8,768,1.865671642,2,0,8
25,5,sqrt,10,0.773609118,8,768,1.865671642,2,0,8
50,5,sqrt,10,0.776885063,8,768,1.865671642,2,0,8
75,5,sqrt,10,0.783389128,8,768,1.865671642,2,0,8
100,5,sqrt,10,0.788283118,8,768,1.865671642,2,0,8
25,5,log2,2,0.760561135,8,768,1.865671642,2,0,8
50,5,log2,2,0.763860992,8,768,1.865671642,2,0,8
75,5,log2,2,0.775259047,8,768,1.865671642,2,0,8
100,5,log2,2,0.771999044,8,768,1.865671642,2,0,8
25,5,log2,5,0.767089112,8,768,1.865671642,2,0,8
50,5,log2,5,0.775267017,8,768,1.865671642,2,0,8
75,5,log2,5,0.783405069,8,768,1.865671642,2,0,8
100,5,log2,5,0.778503109,8,768,1.865671642,2,0,8
25,5,log2,10,0.770373027,8,768,1.865671642,2,0,8
50,5,log2,10,0.776869122,8,768,1.865671642,2,0,8
75,5,log2,10,0.778487167,8,768,1.865671642,2,0,8
100,5,log2,10,0.776877092,8,768,1.865671642,2,0,8
25,7,sqrt,2,0.768715128,8,768,1.865671642,2,0,8
50,7,sqrt,2,0.7817392,8,768,1.865671642,2,0,8
75,7,sqrt,2,0.788259206,8,768,1.865671642,2,0,8
100,7,sqrt,2,0.783389128,8,768,1.865671642,2,0,8
25,7,sqrt,5,0.768707158,8,768,1.865671642,2,0,8
50,7,sqrt,5,0.773569265,8,768,1.865671642,2,0,8
75,7,sqrt,5,0.775195281,8,768,1.865671642,2,0,8
100,7,sqrt,5,0.776829268,8,768,1.865671642,2,0,8
25,7,sqrt,10,0.762234975,8,768,1.865671642,2,0,8
50,7,sqrt,10,0.758967001,8,768,1.865671642,2,0,8
75,7,sqrt,10,0.771991073,8,768,1.865671642,2,0,8
100,7,sqrt,10,0.776869122,8,768,1.865671642,2,0,8
25,7,log2,2,0.775235135,8,768,1.865671642,2,0,8
50,7,log2,2,0.788259206,8,768,1.865671642,2,0,8
75,7,log2,2,0.778487167,8,768,1.865671642,2,0,8
100,7,log2,2,0.775243105,8,768,1.865671642,2,0,8
25,7,log2,5,0.776885063,8,768,1.865671642,2,0,8
50,7,log2,5,0.783421011,8,768,1.865671642,2,0,8
75,7,log2,5,0.780161007,8,768,1.865671642,2,0,8
100,7,log2,5,0.781771082,8,768,1.865671642,2,0,8
25,7,log2,10,0.77684521,8,768,1.865671642,2,0,8
50,7,log2,10,0.783389128,8,768,1.865671642,2,0,8
75,7,log2,10,0.783381157,8,768,1.865671642,2,0,8
100,7,log2,10,0.775243105,8,768,1.865671642,2,0,8
25,10,sqrt,2,0.762195122,8,768,1.865671642,2,0,8
50,10,sqrt,2,0.757293161,8,768,1.865671642,2,0,8
75,10,sqrt,2,0.763797226,8,768,1.865671642,2,0,8
100,10,sqrt,2,0.775227164,8,768,1.865671642,2,0,8
25,10,sqrt,5,0.767073171,8,768,1.865671642,2,0,8
50,10,sqrt,5,0.762163239,8,768,1.865671642,2,0,8
75,10,sqrt,5,0.778455285,8,768,1.865671642,2,0,8
100,10,sqrt,5,0.781731229,8,768,1.865671642,2,0,8
25,10,sqrt,10,0.768747011,8,768,1.865671642,2,0,8
50,10,sqrt,10,0.775243105,8,768,1.865671642,2,0,8
75,10,sqrt,10,0.780137095,8,768,1.865671642,2,0,8
100,10,sqrt,10,0.783381157,8,768,1.865671642,2,0,8
25,10,log2,2,0.755667145,8,768,1.865671642,2,0,8
50,10,log2,2,0.762203093,8,768,1.865671642,2,0,8
75,10,log2,2,0.763805197,8,768,1.865671642,2,0,8
100,10,log2,2,0.77195919,8,768,1.865671642,2,0,8
25,10,log2,5,0.768715128,8,768,1.865671642,2,0,8
50,10,log2,5,0.775243105,8,768,1.865671642,2,0,8
75,10,log2,5,0.780113183,8,768,1.865671642,2,0,8
100,10,log2,5,0.786649131,8,768,1.865671642,2,0,8
25,10,log2,10,0.776877092,8,768,1.865671642,2,0,8
50,10,log2,10,0.789909134,8,768,1.865671642,2,0,8
75,10,log2,10,0.776869122,8,768,1.865671642,2,0,8
100,10,log2,10,0.781771082,8,768,1.865671642,2,0,8
25,3,sqrt,2,0.955489614,4,1348,1.209836066,2,0,4
50,3,sqrt,2,0.952522255,4,1348,1.209836066,2,0,4
75,3,sqrt,2,0.954500495,4,1348,1.209836066,2,0,4
100,3,sqrt,2,0.952522255,4,1348,1.209836066,2,0,4
150,3,sqrt,2,0.952522255,4,1348,1.209836066,2,0,4
25,3,sqrt,5,0.955489614,4,1348,1.209836066,2,0,4
50,3,sqrt,5,0.952522255,4,1348,1.209836066,2,0,4
75,3,sqrt,5,0.954500495,4,1348,1.209836066,2,0,4
100,3,sqrt,5,0.952522255,4,1348,1.209836066,2,0,4
150,3,sqrt,5,0.952522255,4,1348,1.209836066,2,0,4
25,3,sqrt,10,0.955489614,4,1348,1.209836066,2,0,4
50,3,sqrt,10,0.952522255,4,1348,1.209836066,2,0,4
75,3,sqrt,10,0.954500495,4,1348,1.209836066,2,0,4
100,3,sqrt,10,0.952522255,4,1348,1.209836066,2,0,4
150,3,sqrt,10,0.951533136,4,1348,1.209836066,2,0,4
25,3,log2,2,0.955489614,4,1348,1.209836066,2,0,4
50,3,log2,2,0.952522255,4,1348,1.209836066,2,0,4
75,3,log2,2,0.954500495,4,1348,1.209836066,2,0,4
100,3,log2,2,0.952522255,4,1348,1.209836066,2,0,4
150,3,log2,2,0.952522255,4,1348,1.209836066,2,0,4
25,3,log2,5,0.955489614,4,1348,1.209836066,2,0,4
50,3,log2,5,0.952522255,4,1348,1.209836066,2,0,4
75,3,log2,5,0.954500495,4,1348,1.209836066,2,0,4
100,3,log2,5,0.952522255,4,1348,1.209836066,2,0,4
150,3,log2,5,0.952522255,4,1348,1.209836066,2,0,4
25,3,log2,10,0.955489614,4,1348,1.209836066,2,0,4
50,3,log2,10,0.952522255,4,1348,1.209836066,2,0,4
75,3,log2,10,0.954500495,4,1348,1.209836066,2,0,4
100,3,log2,10,0.952522255,4,1348,1.209836066,2,0,4
150,3,log2,10,0.951533136,4,1348,1.209836066,2,0,4
25,5,sqrt,2,0.984174085,4,1348,1.209836066,2,0,4
50,5,sqrt,2,0.983184965,4,1348,1.209836066,2,0,4
75,5,sqrt,2,0.982195846,4,1348,1.209836066,2,0,4
100,5,sqrt,2,0.981206726,4,1348,1.209836066,2,0,4
150,5,sqrt,2,0.981206726,4,1348,1.209836066,2,0,4
25,5,sqrt,5,0.985163205,4,1348,1.209836066,2,0,4
50,5,sqrt,5,0.982195846,4,1348,1.209836066,2,0,4
75,5,sqrt,5,0.982195846,4,1348,1.209836066,2,0,4
100,5,sqrt,5,0.982195846,4,1348,1.209836066,2,0,4
150,5,sqrt,5,0.981206726,4,1348,1.209836066,2,0,4
25,5,sqrt,10,0.980217606,4,1348,1.209836066,2,0,4
50,5,sqrt,10,0.978239367,4,1348,1.209836066,2,0,4
75,5,sqrt,10,0.980217606,4,1348,1.209836066,2,0,4
100,5,sqrt,10,0.980217606,4,1348,1.209836066,2,0,4
150,5,sqrt,10,0.980217606,4,1348,1.209836066,2,0,4
25,5,log2,2,0.984174085,4,1348,1.209836066,2,0,4
50,5,log2,2,0.983184965,4,1348,1.209836066,2,0,4
75,5,log2,2,0.982195846,4,1348,1.209836066,2,0,4
100,5,log2,2,0.981206726,4,1348,1.209836066,2,0,4
150,5,log2,2,0.981206726,4,1348,1.209836066,2,0,4
25,5,log2,5,0.985163205,4,1348,1.209836066,2,0,4
50,5,log2,5,0.982195846,4,1348,1.209836066,2,0,4
75,5,log2,5,0.982195846,4,1348,1.209836066,2,0,4
100,5,log2,5,0.982195846,4,1348,1.209836066,2,0,4
150,5,log2,5,0.981206726,4,1348,1.209836066,2,0,4
25,5,log2,10,0.980217606,4,1348,1.209836066,2,0,4
50,5,log2,10,0.978239367,4,1348,1.209836066,2,0,4
75,5,log2,10,0.980217606,4,1348,1.209836066,2,0,4
100,5,log2,10,0.980217606,4,1348,1.209836066,2,0,4
150,5,log2,10,0.980217606,4,1348,1.209836066,2,0,4
25,7,sqrt,2,0.989119683,4,1348,1.209836066,2,0,4
50,7,sqrt,2,0.987141444,4,1348,1.209836066,2,0,4
75,7,sqrt,2,0.989119683,4,1348,1.209836066,2,0,4
100,7,sqrt,2,0.989119683,4,1348,1.209836066,2,0,4
150,7,sqrt,2,0.988130564,4,1348,1.209836066,2,0,4
25,7,sqrt,5,0.989119683,4,1348,1.209836066,2,0,4
50,7,sqrt,5,0.987141444,4,1348,1.209836066,2,0,4
75,7,sqrt,5,0.988130564,4,1348,1.209836066,2,0,4
100,7,sqrt,5,0.988130564,4,1348,1.209836066,2,0,4
150,7,sqrt,5,0.986152324,4,1348,1.209836066,2,0,4
25,7,sqrt,10,0.986152324,4,1348,1.209836066,2,0,4
50,7,sqrt,10,0.983184965,4,1348,1.209836066,2,0,4
75,7,sqrt,10,0.985163205,4,1348,1.209836066,2,0,4
100,7,sqrt,10,0.988130564,4,1348,1.209836066,2,0,4
150,7,sqrt,10,0.985163205,4,1348,1.209836066,2,0,4
25,7,log2,2,0.989119683,4,1348,1.209836066,2,0,4
50,7,log2,2,0.987141444,4,1348,1.209836066,2,0,4
75,7,log2,2,0.989119683,4,1348,1.209836066,2,0,4
100,7,log2,2,0.989119683,4,1348,1.209836066,2,0,4
150,7,log2,2,0.988130564,4,1348,1.209836066,2,0,4
25,7,log2,5,0.989119683,4,1348,1.209836066,2,0,4
50,7,log2,5,0.987141444,4,1348,1.209836066,2,0,4
75,7,log2,5,0.988130564,4,1348,1.209836066,2,0,4
100,7,log2,5,0.988130564,4,1348,1.209836066,2,0,4
150,7,log2,5,0.986152324,4,1348,1.209836066,2,0,4
25,7,log2,10,0.986152324,4,1348,1.209836066,2,0,4
50,7,log2,10,0.983184965,4,1348,1.209836066,2,0,4
75,7,log2,10,0.985163205,4,1348,1.209836066,2,0,4
100,7,log2,10,0.988130564,4,1348,1.209836066,2,0,4
150,7,log2,10,0.985163205,4,1348,1.209836066,2,0,4
25,10,sqrt,2,0.989119683,4,1348,1.209836066,2,0,4
50,10,sqrt,2,0.988130564,4,1348,1.209836066,2,0,4
75,10,sqrt,2,0.987141444,4,1348,1.209836066,2,0,4
100,10,sqrt,2,0.987141444,4,1348,1.209836066,2,0,4
150,10,sqrt,2,0.987141444,4,1348,1.209836066,2,0,4
25,10,sqrt,5,0.991097923,4,1348,1.209836066,2,0,4
50,10,sqrt,5,0.989119683,4,1348,1.209836066,2,0,4
75,10,sqrt,5,0.989119683,4,1348,1.209836066,2,0,4
100,10,sqrt,5,0.988130564,4,1348,1.209836066,2,0,4
150,10,sqrt,5,0.986152324,4,1348,1.209836066,2,0,4
25,10,sqrt,10,0.987141444,4,1348,1.209836066,2,0,4
50,10,sqrt,10,0.984174085,4,1348,1.209836066,2,0,4
75,10,sqrt,10,0.985163205,4,1348,1.209836066,2,0,4
100,10,sqrt,10,0.987141444,4,1348,1.209836066,2,0,4
150,10,sqrt,10,0.986152324,4,1348,1.209836066,2,0,4
25,10,log2,2,0.989119683,4,1348,1.209836066,2,0,4
50,10,log2,2,0.988130564,4,1348,1.209836066,2,0,4
75,10,log2,2,0.987141444,4,1348,1.209836066,2,0,4
100,10,log2,2,0.987141444,4,1348,1.209836066,2,0,4
150,10,log2,2,0.987141444,4,1348,1.209836066,2,0,4
25,10,log2,5,0.991097923,4,1348,1.209836066,2,0,4
50,10,log2,5,0.989119683,4,1348,1.209836066,2,0,4
75,10,log2,5,0.989119683,4,1348,1.209836066,2,0,4
100,10,log2,5,0.988130564,4,1348,1.209836066,2,0,4
150,10,log2,5,0.986152324,4,1348,1.209836066,2,0,4
25,10,log2,10,0.987141444,4,1348,1.209836066,2,0,4
50,10,log2,10,0.984174085,4,1348,1.209836066,2,0,4
75,10,log2,10,0.985163205,4,1348,1.209836066,2,0,4
100,10,log2,10,0.987141444,4,1348,1.209836066,2,0,4
150,10,log2,10,0.986152324,4,1348,1.209836066,2,0,4
25,3,sqrt,2,0.777153558,9,712,1.472222222,2,5,4
50,3,sqrt,2,0.775280899,9,712,1.472222222,2,5,4
75,3,sqrt,2,0.767790262,9,712,1.472222222,2,5,4
100,3,sqrt,2,0.77340824,9,712,1.472222222,2,5,4
25,3,sqrt,5,0.77340824,9,712,1.472222222,2,5,4
50,3,sqrt,5,0.769662921,9,712,1.472222222,2,5,4
75,3,sqrt,5,0.762172285,9,712,1.472222222,2,5,4
100,3,sqrt,5,0.775280899,9,712,1.472222222,2,5,4
25,3,sqrt,10,0.784644195,9,712,1.472222222,2,5,4
50,3,sqrt,10,0.767790262,9,712,1.472222222,2,5,4
75,3,sqrt,10,0.777153558,9,712,1.472222222,2,5,4
100,3,sqrt,10,0.77340824,9,712,1.472222222,2,5,4
25,3,log2,2,0.777153558,9,712,1.472222222,2,5,4
50,3,log2,2,0.775280899,9,712,1.472222222,2,5,4
75,3,log2,2,0.767790262,9,712,1.472222222,2,5,4
100,3,log2,2,0.77340824,9,712,1.472222222,2,5,4
25,3,log2,5,0.77340824,9,712,1.472222222,2,5,4
50,3,log2,5,0.769662921,9,712,1.472222222,2,5,4
75,3,log2,5,0.762172285,9,712,1.472222222,2,5,4
100,3,log2,5,0.775280899,9,712,1.472222222,2,5,4
25,3,log2,10,0.784644195,9,712,1.472222222,2,5,4
50,3,log2,10,0.767790262,9,712,1.472222222,2,5,4
75,3,log2,10,0.777153558,9,712,1.472222222,2,5,4
100,3,log2,10,0.77340824,9,712,1.472222222,2,5,4
25,5,sqrt,2,0.803370787,9,712,1.472222222,2,5,4
50,5,sqrt,2,0.803370787,9,712,1.472222222,2,5,4
75,5,sqrt,2,0.803370787,9,712,1.472222222,2,5,4
100,5,sqrt,2,0.799625468,9,712,1.472222222,2,5,4
25,5,sqrt,5,0.808988764,9,712,1.472222222,2,5,4
50,5,sqrt,5,0.801498127,9,712,1.472222222,2,5,4
75,5,sqrt,5,0.807116105,9,712,1.472222222,2,5,4
100,5,sqrt,5,0.799625468,9,712,1.472222222,2,5,4
25,5,sqrt,10,0.799625468,9,712,1.472222222,2,5,4
50,5,sqrt,10,0.808988764,9,712,1.472222222,2,5,4
75,5,sqrt,10,0.805243446,9,712,1.472222222,2,5,4
100,5,sqrt,10,0.801498127,9,712,1.472222222,2,5,4
25,5,log2,2,0.803370787,9,712,1.472222222,2,5,4
50,5,log2,2,0.803370787,9,712,1.472222222,2,5,4
75,5,log2,2,0.803370787,9,712,1.472222222,2,5,4
100,5,log2,2,0.799625468,9,712,1.472222222,2,5,4
25,5,log2,5,0.808988764,9,712,1.472222222,2,5,4
50,5,log2,5,0.801498127,9,712,1.472222222,2,5,4
75,5,log2,5,0.807116105,9,712,1.472222222,2,5,4
100,5,log2,5,0.799625468,9,712,1.472222222,2,5,4
25,5,log2,10,0.799625468,9,712,1.472222222,2,5,4
50,5,log2,10,0.808988764,9,712,1.472222222,2,5,4
75,5,log2,10,0.805243446,9,712,1.472222222,2,5,4
100,5,log2,10,0.801498127,9,712,1.472222222,2,5,4
25,7,sqrt,2,0.794007491,9,712,1.472222222,2,5,4
50,7,sqrt,2,0.812734082,9,712,1.472222222,2,5,4
75,7,sqrt,2,0.823970037,9,712,1.472222222,2,5,4
100,7,sqrt,2,0.812734082,9,712,1.472222222,2,5,4
25,7,sqrt,5,0.810861423,9,712,1.472222222,2,5,4
50,7,sqrt,5,0.820224719,9,712,1.472222222,2,5,4
75,7,sqrt,5,0.820224719,9,712,1.472222222,2,5,4
100,7,sqrt,5,0.816479401,9,712,1.472222222,2,5,4
25,7,sqrt,10,0.814606742,9,712,1.472222222,2,5,4
50,7,sqrt,10,0.805243446,9,712,1.472222222,2,5,4
75,7,sqrt,10,0.801498127,9,712,1.472222222,2,5,4
100,7,sqrt,10,0.805243446,9,712,1.472222222,2,5,4
25,7,log2,2,0.794007491,9,712,1.472222222,2,5,4
50,7,log2,2,0.812734082,9,712,1.472222222,2,5,4
75,7,log2,2,0.823970037,9,712,1.472222222,2,5,4
100,7,log2,2,0.812734082,9,712,1.472222222,2,5,4
25,7,log2,5,0.810861423,9,712,1.472222222,2,5,4
50,7,log2,5,0.820224719,9,712,1.472222222,2,5,4
75,7,log2,5,0.820224719,9,712,1.472222222,2,5,4
100,7,log2,5,0.816479401,9,712,1.472222222,2,5,4
25,7,log2,10,0.814606742,9,712,1.472222222,2,5,4
50,7,log2,10,0.805243446,9,712,1.472222222,2,5,4
75,7,log2,10,0.801498127,9,712,1.472222222,2,5,4
100,7,log2,10,0.805243446,9,712,1.472222222,2,5,4
25,10,sqrt,2,0.807116105,9,712,1.472222222,2,5,4
50,10,sqrt,2,0.812734082,9,712,1.472222222,2,5,4
75,10,sqrt,2,0.816479401,9,712,1.472222222,2,5,4
100,10,sqrt,2,0.816479401,9,712,1.472222222,2,5,4
25,10,sqrt,5,0.805243446,9,712,1.472222222,2,5,4
50,10,sqrt,5,0.822097378,9,712,1.472222222,2,5,4
75,10,sqrt,5,0.823970037,9,712,1.472222222,2,5,4
100,10,sqrt,5,0.822097378,9,712,1.472222222,2,5,4
25,10,sqrt,10,0.820224719,9,712,1.472222222,2,5,4
50,10,sqrt,10,0.816479401,9,712,1.472222222,2,5,4
75,10,sqrt,10,0.812734082,9,712,1.472222222,2,5,4
100,10,sqrt,10,0.808988764,9,712,1.472222222,2,5,4
25,10,log2,2,0.807116105,9,712,1.472222222,2,5,4
50,10,log2,2,0.812734082,9,712,1.472222222,2,5,4
75,10,log2,2,0.816479401,9,712,1.472222222,2,5,4
100,10,log2,2,0.816479401,9,712,1.472222222,2,5,4
25,10,log2,5,0.805243446,9,712,1.472222222,2,5,4
50,10,log2,5,0.822097378,9,712,1.472222222,2,5,4
75,10,log2,5,0.823970037,9,712,1.472222222,2,5,4
100,10,log2,5,0.822097378,9,712,1.472222222,2,5,4
25,10,log2,10,0.820224719,9,712,1.472222222,2,5,4
50,10,log2,10,0.816479401,9,712,1.472222222,2,5,4
75,10,log2,10,0.812734082,9,712,1.472222222,2,5,4
100,10,log2,10,0.808988764,9,712,1.472222222,2,5,4
25,3,sqrt,2,0.8671875,13,1025,1.054108216,2,8,5
50,3,sqrt,2,0.868489583,13,1025,1.054108216,2,8,5
75,3,sqrt,2,0.8671875,13,1025,1.054108216,2,8,5
100,3,sqrt,2,0.8671875,13,1025,1.054108216,2,8,5
150,3,sqrt,2,0.875,13,1025,1.054108216,2,8,5
25,3,sqrt,5,0.8671875,13,1025,1.054108216,2,8,5
50,3,sqrt,5,0.868489583,13,1025,1.054108216,2,8,5
75,3,sqrt,5,0.8671875,13,1025,1.054108216,2,8,5
100,3,sqrt,5,0.8671875,13,1025,1.054108216,2,8,5
150,3,sqrt,5,0.875,13,1025,1.054108216,2,8,5
25,3,sqrt,10,0.86328125,13,1025,1.054108216,2,8,5
50,3,sqrt,10,0.864583333,13,1025,1.054108216,2,8,5
75,3,sqrt,10,0.865885417,13,1025,1.054108216,2,8,5
100,3,sqrt,10,0.864583333,13,1025,1.054108216,2,8,5
150,3,sqrt,10,0.875,13,1025,1.054108216,2,8,5
25,3,log2,2,0.8671875,13,1025,1.054108216,2,8,5
50,3,log2,2,0.868489583,13,1025,1.054108216,2,8,5
75,3,log2,2,0.8671875,13,1025,1.054108216,2,8,5
100,3,log2,2,0.8671875,13,1025,1.054108216,2,8,5
150,3,log2,2,0.875,13,1025,1.054108216,2,8,5
25,3,log2,5,0.8671875,13,1025,1.054108216,2,8,5
50,3,log2,5,0.868489583,13,1025,1.054108216,2,8,5
75,3,log2,5,0.8671875,13,1025,1.054108216,2,8,5
100,3,log2,5,0.8671875,13,1025,1.054108216,2,8,5
150,3,log2,5,0.875,13,1025,1.054108216,2,8,5
25,3,log2,10,0.86328125,13,1025,1.054108216,2,8,5
50,3,log2,10,0.864583333,13,1025,1.054108216,2,8,5
75,3,log2,10,0.865885417,13,1025,1.054108216,2,8,5
100,3,log2,10,0.864583333,13,1025,1.054108216,2,8,5
150,3,log2,10,0.875,13,1025,1.054108216,2,8,5
25,5,sqrt,2,0.90234375,13,1025,1.054108216,2,8,5
50,5,sqrt,2,0.90234375,13,1025,1.054108216,2,8,5
75,5,sqrt,2,0.903645833,13,1025,1.054108216,2,8,5
100,5,sqrt,2,0.903645833,13,1025,1.054108216,2,8,5
150,5,sqrt,2,0.90234375,13,1025,1.054108216,2,8,5
25,5,sqrt,5,0.90625,13,1025,1.054108216,2,8,5
50,5,sqrt,5,0.912760417,13,1025,1.054108216,2,8,5
75,5,sqrt,5,0.90625,13,1025,1.054108216,2,8,5
100,5,sqrt,5,0.901041667,13,1025,1.054108216,2,8,5
150,5,sqrt,5,0.899739583,13,1025,1.054108216,2,8,5
25,5,sqrt,10,0.897135417,13,1025,1.054108216,2,8,5
50,5,sqrt,10,0.904947917,13,1025,1.054108216,2,8,5
75,5,sqrt,10,0.90234375,13,1025,1.054108216,2,8,5
100,5,sqrt,10,0.899739583,13,1025,1.054108216,2,8,5
150,5,sqrt,10,0.90625,13,1025,1.054108216,2,8,5
25,5,log2,2,0.90234375,13,1025,1.054108216,2,8,5
50,5,log2,2,0.90234375,13,1025,1.054108216,2,8,5
75,5,log2,2,0.903645833,13,1025,1.054108216,2,8,5
100,5,log2,2,0.903645833,13,1025,1.054108216,2,8,5
150,5,log2,2,0.90234375,13,1025,1.054108216,2,8,5
25,5,log2,5,0.90625,13,1025,1.054108216,2,8,5
50,5,log2,5,0.912760417,13,1025,1.054108216,2,8,5
75,5,log2,5,0.90625,13,1025,1.054108216,2,8,5
100,5,log2,5,0.901041667,13,1025,1.054108216,2,8,5
150,5,log2,5,0.899739583,13,1025,1.054108216,2,8,5
25,5,log2,10,0.897135417,13,1025,1.054108216,2,8,5
50,5,log2,10,0.904947917,13,1025,1.054108216,2,8,5
75,5,log2,10,0.90234375,13,1025,1.054108216,2,8,5
100,5,log2,10,0.899739583,13,1025,1.054108216,2,8,5
150,5,log2,10,0.90625,13,1025,1.054108216,2,8,5
25,7,sqrt,2,0.953125,13,1025,1.054108216,2,8,5
50,7,sqrt,2,0.9453125,13,1025,1.054108216,2,8,5
75,7,sqrt,2,0.9375,13,1025,1.054108216,2,8,5
100,7,sqrt,2,0.938802083,13,1025,1.054108216,2,8,5
150,7,sqrt,2,0.94140625,13,1025,1.054108216,2,8,5
25,7,sqrt,5,0.938802083,13,1025,1.054108216,2,8,5
50,7,sqrt,5,0.94140625,13,1025,1.054108216,2,8,5
75,7,sqrt,5,0.936197917,13,1025,1.054108216,2,8,5
100,7,sqrt,5,0.938802083,13,1025,1.054108216,2,8,5
150,7,sqrt,5,0.934895833,13,1025,1.054108216,2,8,5
25,7,sqrt,10,0.920572917,13,1025,1.054108216,2,8,5
50,7,sqrt,10,0.924479167,13,1025,1.054108216,2,8,5
75,7,sqrt,10,0.93359375,13,1025,1.054108216,2,8,5
100,7,sqrt,10,0.930989583,13,1025,1.054108216,2,8,5
150,7,sqrt,10,0.927083333,13,1025,1.054108216,2,8,5
25,7,log2,2,0.953125,13,1025,1.054108216,2,8,5
50,7,log2,2,0.9453125,13,1025,1.054108216,2,8,5
75,7,log2,2,0.9375,13,1025,1.054108216,2,8,5
100,7,log2,2,0.938802083,13,1025,1.054108216,2,8,5
150,7,log2,2,0.94140625,13,1025,1.054108216,2,8,5
25,7,log2,5,0.938802083,13,1025,1.054108216,2,8,5
50,7,log2,5,0.94140625,13,1025,1.054108216,2,8,5
75,7,log2,5,0.936197917,13,1025,1.054108216,2,8,5
100,7,log2,5,0.938802083,13,1025,1.054108216,2,8,5
150,7,log2,5,0.934895833,13,1025,1.054108216,2,8,5
25,7,log2,10,0.920572917,13,1025,1.054108216,2,8,5
50,7,log2,10,0.924479167,13,1025,1.054108216,2,8,5
75,7,log2,10,0.93359375,13,1025,1.054108216,2,8,5
100,7,log2,10,0.930989583,13,1025,1.054108216,2,8,5
150,7,log2,10,0.927083333,13,1025,1.054108216,2,8,5
25,10,sqrt,2,0.942708333,13,1025,1.054108216,2,8,5
50,10,sqrt,2,0.94140625,13,1025,1.054108216,2,8,5
75,10,sqrt,2,0.942708333,13,1025,1.054108216,2,8,5
100,10,sqrt,2,0.940104167,13,1025,1.054108216,2,8,5
150,10,sqrt,2,0.938802083,13,1025,1.054108216,2,8,5
25,10,sqrt,5,0.942708333,13,1025,1.054108216,2,8,5
50,10,sqrt,5,0.944010417,13,1025,1.054108216,2,8,5
75,10,sqrt,5,0.944010417,13,1025,1.054108216,2,8,5
100,10,sqrt,5,0.94921875,13,1025,1.054108216,2,8,5
150,10,sqrt,5,0.946614583,13,1025,1.054108216,2,8,5
25,10,sqrt,10,0.923177083,13,1025,1.054108216,2,8,5
50,10,sqrt,10,0.92578125,13,1025,1.054108216,2,8,5
75,10,sqrt,10,0.93359375,13,1025,1.054108216,2,8,5
100,10,sqrt,10,0.936197917,13,1025,1.054108216,2,8,5
150,10,sqrt,10,0.934895833,13,1025,1.054108216,2,8,5
25,10,log2,2,0.942708333,13,1025,1.054108216,2,8,5
50,10,log2,2,0.94140625,13,1025,1.054108216,2,8,5
75,10,log2,2,0.942708333,13,1025,1.054108216,2,8,5
100,10,log2,2,0.940104167,13,1025,1.054108216,2,8,5
150,10,log2,2,0.938802083,13,1025,1.054108216,2,8,5
25,10,log2,5,0.942708333,13,1025,1.054108216,2,8,5
50,10,log2,5,0.944010417,13,1025,1.054108216,2,8,5
75,10,log2,5,0.944010417,13,1025,1.054108216,2,8,5
100,10,log2,5,0.94921875,13,1025,1.054108216,2,8,5
150,10,log2,5,0.946614583,13,1025,1.054108216,2,8,5
25,10,log2,10,0.923177083,13,1025,1.054108216,2,8,5
50,10,log2,10,0.92578125,13,1025,1.054108216,2,8,5
75,10,log2,10,0.93359375,13,1025,1.054108216,2,8,5
100,10,log2,10,0.936197917,13,1025,1.054108216,2,8,5
150,10,log2,10,0.934895833,13,1025,1.054108216,2,8,5
25,50,sqrt,2,0.947916667,13,1025,1.054108216,2,8,5
50,50,sqrt,2,0.940104167,13,1025,1.054108216,2,8,5
75,50,sqrt,2,0.934895833,13,1025,1.054108216,2,8,5
100,50,sqrt,2,0.946614583,13,1025,1.054108216,2,8,5
150,50,sqrt,2,0.94140625,13,1025,1.054108216,2,8,5
25,50,sqrt,5,0.942708333,13,1025,1.054108216,2,8,5
50,50,sqrt,5,0.944010417,13,1025,1.054108216,2,8,5
75,50,sqrt,5,0.951822917,13,1025,1.054108216,2,8,5
100,50,sqrt,5,0.947916667,13,1025,1.054108216,2,8,5
150,50,sqrt,5,0.947916667,13,1025,1.054108216,2,8,5
25,50,sqrt,10,0.930989583,13,1025,1.054108216,2,8,5
50,50,sqrt,10,0.9296875,13,1025,1.054108216,2,8,5
75,50,sqrt,10,0.934895833,13,1025,1.054108216,2,8,5
100,50,sqrt,10,0.9296875,13,1025,1.054108216,2,8,5
150,50,sqrt,10,0.936197917,13,1025,1.054108216,2,8,5
25,50,log2,2,0.947916667,13,1025,1.054108216,2,8,5
50,50,log2,2,0.940104167,13,1025,1.054108216,2,8,5
75,50,log2,2,0.934895833,13,1025,1.054108216,2,8,5
100,50,log2,2,0.946614583,13,1025,1.054108216,2,8,5
150,50,log2,2,0.94140625,13,1025,1.054108216,2,8,5
25,50,log2,5,0.942708333,13,1025,1.054108216,2,8,5
50,50,log2,5,0.944010417,13,1025,1.054108216,2,8,5
75,50,log2,5,0.951822917,13,1025,1.054108216,2,8,5
100,50,log2,5,0.947916667,13,1025,1.054108216,2,8,5
150,50,log2,5,0.947916667,13,1025,1.054108216,2,8,5
25,50,log2,10,0.930989583,13,1025,1.054108216,2,8,5
50,50,log2,10,0.9296875,13,1025,1.054108216,2,8,5
75,50,log2,10,0.934895833,13,1025,1.054108216,2,8,5
100,50,log2,10,0.9296875,13,1025,1.054108216,2,8,5
150,50,log2,10,0.936197917,13,1025,1.054108216,2,8,5
50,5,sqrt,2,0.76064257,11,4981,19.08467742,2,8,3
75,5,sqrt,2,0.767068273,11,4981,19.08467742,2,8,3
100,5,sqrt,2,0.767336011,11,4981,19.08467742,2,8,3
150,5,sqrt,2,0.765461847,11,4981,19.08467742,2,8,3
200,5,sqrt,2,0.761981258,11,4981,19.08467742,2,8,3
50,5,sqrt,5,0.762784471,11,4981,19.08467742,2,8,3
75,5,sqrt,5,0.76519411,11,4981,19.08467742,2,8,3
100,5,sqrt,5,0.76519411,11,4981,19.08467742,2,8,3
150,5,sqrt,5,0.76519411,11,4981,19.08467742,2,8,3
200,5,sqrt,5,0.765461847,11,4981,19.08467742,2,8,3
50,5,sqrt,10,0.761713521,11,4981,19.08467742,2,8,3
75,5,sqrt,10,0.764123159,11,4981,19.08467742,2,8,3
100,5,sqrt,10,0.765997323,11,4981,19.08467742,2,8,3
150,5,sqrt,10,0.765461847,11,4981,19.08467742,2,8,3
200,5,sqrt,10,0.765997323,11,4981,19.08467742,2,8,3
50,5,log2,2,0.76064257,11,4981,19.08467742,2,8,3
75,5,log2,2,0.767068273,11,4981,19.08467742,2,8,3
100,5,log2,2,0.767336011,11,4981,19.08467742,2,8,3
150,5,log2,2,0.765461847,11,4981,19.08467742,2,8,3
200,5,log2,2,0.761981258,11,4981,19.08467742,2,8,3
50,5,log2,5,0.762784471,11,4981,19.08467742,2,8,3
75,5,log2,5,0.76519411,11,4981,19.08467742,2,8,3
100,5,log2,5,0.76519411,11,4981,19.08467742,2,8,3
150,5,log2,5,0.76519411,11,4981,19.08467742,2,8,3
200,5,log2,5,0.765461847,11,4981,19.08467742,2,8,3
50,5,log2,10,0.761713521,11,4981,19.08467742,2,8,3
75,5,log2,10,0.764123159,11,4981,19.08467742,2,8,3
100,5,log2,10,0.765997323,11,4981,19.08467742,2,8,3
150,5,log2,10,0.765461847,11,4981,19.08467742,2,8,3
200,5,log2,10,0.765997323,11,4981,19.08467742,2,8,3
50,7,sqrt,2,0.84605087,11,4981,19.08467742,2,8,3
75,7,sqrt,2,0.84497992,11,4981,19.08467742,2,8,3
100,7,sqrt,2,0.844176707,11,4981,19.08467742,2,8,3
150,7,sqrt,2,0.844176707,11,4981,19.08467742,2,8,3
200,7,sqrt,2,0.848460509,11,4981,19.08467742,2,8,3
50,7,sqrt,5,0.849263722,11,4981,19.08467742,2,8,3
75,7,sqrt,5,0.852744311,11,4981,19.08467742,2,8,3
100,7,sqrt,5,0.851941098,11,4981,19.08467742,2,8,3
150,7,sqrt,5,0.851941098,11,4981,19.08467742,2,8,3
200,7,sqrt,5,0.850066934,11,4981,19.08467742,2,8,3
50,7,sqrt,10,0.836412316,11,4981,19.08467742,2,8,3
75,7,sqrt,10,0.835073628,11,4981,19.08467742,2,8,3
100,7,sqrt,10,0.835609103,11,4981,19.08467742,2,8,3
150,7,sqrt,10,0.835609103,11,4981,19.08467742,2,8,3
200,7,sqrt,10,0.837215529,11,4981,19.08467742,2,8,3
50,7,log2,2,0.84605087,11,4981,19.08467742,2,8,3
75,7,log2,2,0.84497992,11,4981,19.08467742,2,8,3
100,7,log2,2,0.844176707,11,4981,19.08467742,2,8,3
150,7,log2,2,0.844176707,11,4981,19.08467742,2,8,3
200,7,log2,2,0.848460509,11,4981,19.08467742,2,8,3
50,7,log2,5,0.849263722,11,4981,19.08467742,2,8,3
75,7,log2,5,0.852744311,11,4981,19.08467742,2,8,3
100,7,log2,5,0.851941098,11,4981,19.08467742,2,8,3
150,7,log2,5,0.851941098,11,4981,19.08467742,2,8,3
200,7,log2,5,0.850066934,11,4981,19.08467742,2,8,3
50,7,log2,10,0.836412316,11,4981,19.08467742,2,8,3
75,7,log2,10,0.835073628,11,4981,19.08467742,2,8,3
100,7,log2,10,0.835609103,11,4981,19.08467742,2,8,3
150,7,log2,10,0.835609103,11,4981,19.08467742,2,8,3
200,7,log2,10,0.837215529,11,4981,19.08467742,2,8,3
50,10,sqrt,2,0.924230254,11,4981,19.08467742,2,8,3
75,10,sqrt,2,0.925568942,11,4981,19.08467742,2,8,3
100,10,sqrt,2,0.923962517,11,4981,19.08467742,2,8,3
150,10,sqrt,2,0.926372155,11,4981,19.08467742,2,8,3
200,10,sqrt,2,0.926907631,11,4981,19.08467742,2,8,3
50,10,sqrt,5,0.918607764,11,4981,19.08467742,2,8,3
75,10,sqrt,5,0.918875502,11,4981,19.08467742,2,8,3
100,10,sqrt,5,0.921017403,11,4981,19.08467742,2,8,3
150,10,sqrt,5,0.925033467,11,4981,19.08467742,2,8,3
200,10,sqrt,5,0.921285141,11,4981,19.08467742,2,8,3
50,10,sqrt,10,0.910575636,11,4981,19.08467742,2,8,3
75,10,sqrt,10,0.911378849,11,4981,19.08467742,2,8,3
100,10,sqrt,10,0.910843373,11,4981,19.08467742,2,8,3
150,10,sqrt,10,0.914859438,11,4981,19.08467742,2,8,3
200,10,sqrt,10,0.91352075,11,4981,19.08467742,2,8,3
50,10,log2,2,0.924230254,11,4981,19.08467742,2,8,3
75,10,log2,2,0.925568942,11,4981,19.08467742,2,8,3
100,10,log2,2,0.923962517,11,4981,19.08467742,2,8,3
150,10,log2,2,0.926372155,11,4981,19.08467742,2,8,3
200,10,log2,2,0.926907631,11,4981,19.08467742,2,8,3
50,10,log2,5,0.918607764,11,4981,19.08467742,2,8,3
75,10,log2,5,0.918875502,11,4981,19.08467742,2,8,3
100,10,log2,5,0.921017403,11,4981,19.08467742,2,8,3
150,10,log2,5,0.925033467,11,4981,19.08467742,2,8,3
200,10,log2,5,0.921285141,11,4981,19.08467742,2,8,3
50,10,log2,10,0.910575636,11,4981,19.08467742,2,8,3
75,10,log2,10,0.911378849,11,4981,19.08467742,2,8,3
100,10,log2,10,0.910843373,11,4981,19.08467742,2,8,3
150,10,log2,10,0.914859438,11,4981,19.08467742,2,8,3
200,10,log2,10,0.91352075,11,4981,19.08467742,2,8,3
50,15,sqrt,2,0.944846051,11,4981,19.08467742,2,8,3
75,15,sqrt,2,0.945113788,11,4981,19.08467742,2,8,3
100,15,sqrt,2,0.945381526,11,4981,19.08467742,2,8,3
150,15,sqrt,2,0.945649264,11,4981,19.08467742,2,8,3
200,15,sqrt,2,0.945381526,11,4981,19.08467742,2,8,3
50,15,sqrt,5,0.937884873,11,4981,19.08467742,2,8,3
75,15,sqrt,5,0.938688086,11,4981,19.08467742,2,8,3
100,15,sqrt,5,0.939491299,11,4981,19.08467742,2,8,3
150,15,sqrt,5,0.940294511,11,4981,19.08467742,2,8,3
200,15,sqrt,5,0.940026774,11,4981,19.08467742,2,8,3
50,15,sqrt,10,0.929049531,11,4981,19.08467742,2,8,3
75,15,sqrt,10,0.929852744,11,4981,19.08467742,2,8,3
100,15,sqrt,10,0.93038822,11,4981,19.08467742,2,8,3
150,15,sqrt,10,0.931994645,11,4981,19.08467742,2,8,3
200,15,sqrt,10,0.931726908,11,4981,19.08467742,2,8,3
50,15,log2,2,0.944846051,11,4981,19.08467742,2,8,3
75,15,log2,2,0.945113788,11,4981,19.08467742,2,8,3
100,15,log2,2,0.945381526,11,4981,19.08467742,2,8,3
150,15,log2,2,0.945649264,11,4981,19.08467742,2,8,3
200,15,log2,2,0.945381526,11,4981,19.08467742,2,8,3
50,15,log2,5,0.937884873,11,4981,19.08467742,2,8,3
75,15,log2,5,0.938688086,11,4981,19.08467742,2,8,3
100,15,log2,5,0.939491299,11,4981,19.08467742,2,8,3
150,15,log2,5,0.940294511,11,4981,19.08467742,2,8,3
200,15,log2,5,0.940026774,11,4981,19.08467742,2,8,3
50,15,log2,10,0.929049531,11,4981,19.08467742,2,8,3
75,15,log2,10,0.929852744,11,4981,19.08467742,2,8,3
100,15,log2,10,0.93038822,11,4981,19.08467742,2,8,3
150,15,log2,10,0.931994645,11,4981,19.08467742,2,8,3
200,15,log2,10,0.931726908,11,4981,19.08467742,2,8,3
50,50,sqrt,2,0.946452477,11,4981,19.08467742,2,8,3
75,50,sqrt,2,0.945917001,11,4981,19.08467742,2,8,3
100,50,sqrt,2,0.946184739,11,4981,19.08467742,2,8,3
150,50,sqrt,2,0.946720214,11,4981,19.08467742,2,8,3
200,50,sqrt,2,0.947791165,11,4981,19.08467742,2,8,3
50,50,sqrt,5,0.942436412,11,4981,19.08467742,2,8,3
75,50,sqrt,5,0.941365462,11,4981,19.08467742,2,8,3
100,50,sqrt,5,0.940562249,11,4981,19.08467742,2,8,3
150,50,sqrt,5,0.940829987,11,4981,19.08467742,2,8,3
200,50,sqrt,5,0.940294511,11,4981,19.08467742,2,8,3
50,50,sqrt,10,0.930923695,11,4981,19.08467742,2,8,3
75,50,sqrt,10,0.931191432,11,4981,19.08467742,2,8,3
100,50,sqrt,10,0.931191432,11,4981,19.08467742,2,8,3
150,50,sqrt,10,0.932797858,11,4981,19.08467742,2,8,3
200,50,sqrt,10,0.93253012,11,4981,19.08467742,2,8,3
50,50,log2,2,0.946452477,11,4981,19.08467742,2,8,3
75,50,log2,2,0.945917001,11,4981,19.08467742,2,8,3
100,50,log2,2,0.946184739,11,4981,19.08467742,2,8,3
150,50,log2,2,0.946720214,11,4981,19.08467742,2,8,3
200,50,log2,2,0.947791165,11,4981,19.08467742,2,8,3
50,50,log2,5,0.942436412,11,4981,19.08467742,2,8,3
75,50,log2,5,0.941365462,11,4981,19.08467742,2,8,3
100,50,log2,5,0.940562249,11,4981,19.08467742,2,8,3
150,50,log2,5,0.940829987,11,4981,19.08467742,2,8,3
200,50,log2,5,0.940294511,11,4981,19.08467742,2,8,3
50,50,log2,10,0.930923695,11,4981,19.08467742,2,8,3
75,50,log2,10,0.931191432,11,4981,19.08467742,2,8,3
100,50,log2,10,0.931191432,11,4981,19.08467742,2,8,3
150,50,log2,10,0.932797858,11,4981,19.08467742,2,8,3
200,50,log2,10,0.93253012,11,4981,19.08467742,2,8,3
50,5,sqrt,2,0.645066667,18,5000,2.166561115,2,11,7
75,5,sqrt,2,0.6464,18,5000,2.166561115,2,11,7
100,5,sqrt,2,0.646133333,18,5000,2.166561115,2,11,7
150,5,sqrt,2,0.6432,18,5000,2.166561115,2,11,7
200,5,sqrt,2,0.645333333,18,5000,2.166561115,2,11,7
50,5,sqrt,5,0.641333333,18,5000,2.166561115,2,11,7
75,5,sqrt,5,0.645066667,18,5000,2.166561115,2,11,7
100,5,sqrt,5,0.644266667,18,5000,2.166561115,2,11,7
150,5,sqrt,5,0.644533333,18,5000,2.166561115,2,11,7
200,5,sqrt,5,0.644266667,18,5000,2.166561115,2,11,7
50,5,sqrt,10,0.644533333,18,5000,2.166561115,2,11,7
75,5,sqrt,10,0.644533333,18,5000,2.166561115,2,11,7
100,5,sqrt,10,0.640266667,18,5000,2.166561115,2,11,7
150,5,sqrt,10,0.640533333,18,5000,2.166561115,2,11,7
200,5,sqrt,10,0.6416,18,5000,2.166561115,2,11,7
50,5,log2,2,0.645066667,18,5000,2.166561115,2,11,7
75,5,log2,2,0.6464,18,5000,2.166561115,2,11,7
100,5,log2,2,0.646133333,18,5000,2.166561115,2,11,7
150,5,log2,2,0.6432,18,5000,2.166561115,2,11,7
200,5,log2,2,0.645333333,18,5000,2.166561115,2,11,7
50,5,log2,5,0.641333333,18,5000,2.166561115,2,11,7
75,5,log2,5,0.645066667,18,5000,2.166561115,2,11,7
100,5,log2,5,0.644266667,18,5000,2.166561115,2,11,7
150,5,log2,5,0.644533333,18,5000,2.166561115,2,11,7
200,5,log2,5,0.644266667,18,5000,2.166561115,2,11,7
50,5,log2,10,0.644533333,18,5000,2.166561115,2,11,7
75,5,log2,10,0.644533333,18,5000,2.166561115,2,11,7
100,5,log2,10,0.640266667,18,5000,2.166561115,2,11,7
150,5,log2,10,0.640533333,18,5000,2.166561115,2,11,7
200,5,log2,10,0.6416,18,5000,2.166561115,2,11,7
50,7,sqrt,2,0.656266667,18,5000,2.166561115,2,11,7
75,7,sqrt,2,0.656266667,18,5000,2.166561115,2,11,7
100,7,sqrt,2,0.6584,18,5000,2.166561115,2,11,7
150,7,sqrt,2,0.660266667,18,5000,2.166561115,2,11,7
200,7,sqrt,2,0.6608,18,5000,2.166561115,2,11,7
50,7,sqrt,5,0.654666667,18,5000,2.166561115,2,11,7
75,7,sqrt,5,0.655733333,18,5000,2.166561115,2,11,7
100,7,sqrt,5,0.656533333,18,5000,2.166561115,2,11,7
150,7,sqrt,5,0.655466667,18,5000,2.166561115,2,11,7
200,7,sqrt,5,0.659466667,18,5000,2.166561115,2,11,7
50,7,sqrt,10,0.659466667,18,5000,2.166561115,2,11,7
75,7,sqrt,10,0.656266667,18,5000,2.166561115,2,11,7
100,7,sqrt,10,0.656266667,18,5000,2.166561115,2,11,7
150,7,sqrt,10,0.657866667,18,5000,2.166561115,2,11,7
200,7,sqrt,10,0.655466667,18,5000,2.166561115,2,11,7
50,7,log2,2,0.656266667,18,5000,2.166561115,2,11,7
75,7,log2,2,0.656266667,18,5000,2.166561115,2,11,7
100,7,log2,2,0.6584,18,5000,2.166561115,2,11,7
150,7,log2,2,0.660266667,18,5000,2.166561115,2,11,7
200,7,log2,2,0.6608,18,5000,2.166561115,2,11,7
50,7,log2,5,0.654666667,18,5000,2.166561115,2,11,7
75,7,log2,5,0.655733333,18,5000,2.166561115,2,11,7
100,7,log2,5,0.656533333,18,5000,2.166561115,2,11,7
150,7,log2,5,0.655466667,18,5000,2.166561115,2,11,7
200,7,log2,5,0.659466667,18,5000,2.166561115,2,11,7
50,7,log2,10,0.659466667,18,5000,2.166561115,2,11,7
75,7,log2,10,0.656266667,18,5000,2.166561115,2,11,7
100,7,log2,10,0.656266667,18,5000,2.166561115,2,11,7
150,7,log2,10,0.657866667,18,5000,2.166561115,2,11,7
200,7,log2,10,0.655466667,18,5000,2.166561115,2,11,7
50,10,sqrt,2,0.674133333,18,5000,2.166561115,2,11,7
75,10,sqrt,2,0.674666667,18,5000,2.166561115,2,11,7
100,10,sqrt,2,0.6728,18,5000,2.166561115,2,11,7
150,10,sqrt,2,0.676,18,5000,2.166561115,2,11,7
200,10,sqrt,2,0.674133333,18,5000,2.166561115,2,11,7
50,10,sqrt,5,0.6696,18,5000,2.166561115,2,11,7
75,10,sqrt,5,0.673066667,18,5000,2.166561115,2,11,7
100,10,sqrt,5,0.673066667,18,5000,2.166561115,2,11,7
150,10,sqrt,5,0.672,18,5000,2.166561115,2,11,7
200,10,sqrt,5,0.677866667,18,5000,2.166561115,2,11,7
50,10,sqrt,10,0.671466667,18,5000,2.166561115,2,11,7
75,10,sqrt,10,0.666666667,18,5000,2.166561115,2,11,7
100,10,sqrt,10,0.666666667,18,5000,2.166561115,2,11,7
150,10,sqrt,10,0.666666667,18,5000,2.166561115,2,11,7
200,10,sqrt,10,0.6704,18,5000,2.166561115,2,11,7
50,10,log2,2,0.674133333,18,5000,2.166561115,2,11,7
75,10,log2,2,0.674666667,18,5000,2.166561115,2,11,7
100,10,log2,2,0.6728,18,5000,2.166561115,2,11,7
150,10,log2,2,0.676,18,5000,2.166561115,2,11,7
200,10,log2,2,0.674133333,18,5000,2.166561115,2,11,7
50,10,log2,5,0.6696,18,5000,2.166561115,2,11,7
75,10,log2,5,0.673066667,18,5000,2.166561115,2,11,7
100,10,log2,5,0.673066667,18,5000,2.166561115,2,11,7
150,10,log2,5,0.672,18,5000,2.166561115,2,11,7
200,10,log2,5,0.677866667,18,5000,2.166561115,2,11,7
50,10,log2,10,0.671466667,18,5000,2.166561115,2,11,7
75,10,log2,10,0.666666667,18,5000,2.166561115,2,11,7
100,10,log2,10,0.666666667,18,5000,2.166561115,2,11,7
150,10,log2,10,0.666666667,18,5000,2.166561115,2,11,7
200,10,log2,10,0.6704,18,5000,2.166561115,2,11,7
50,15,sqrt,2,0.689866667,18,5000,2.166561115,2,11,7
75,15,sqrt,2,0.688,18,5000,2.166561115,2,11,7
100,15,sqrt,2,0.690933333,18,5000,2.166561115,2,11,7
150,15,sqrt,2,0.6904,18,5000,2.166561115,2,11,7
200,15,sqrt,2,0.693066667,18,5000,2.166561115,2,11,7
50,15,sqrt,5,0.687733333,18,5000,2.166561115,2,11,7
75,15,sqrt,5,0.691466667,18,5000,2.166561115,2,11,7
100,15,sqrt,5,0.688266667,18,5000,2.166561115,2,11,7
150,15,sqrt,5,0.686133333,18,5000,2.166561115,2,11,7
200,15,sqrt,5,0.6912,18,5000,2.166561115,2,11,7
50,15,sqrt,10,0.678933333,18,5000,2.166561115,2,11,7
75,15,sqrt,10,0.680533333,18,5000,2.166561115,2,11,7
100,15,sqrt,10,0.680266667,18,5000,2.166561115,2,11,7
150,15,sqrt,10,0.679466667,18,5000,2.166561115,2,11,7
200,15,sqrt,10,0.680533333,18,5000,2.166561115,2,11,7
50,15,log2,2,0.689866667,18,5000,2.166561115,2,11,7
75,15,log2,2,0.688,18,5000,2.166561115,2,11,7
100,15,log2,2,0.690933333,18,5000,2.166561115,2,11,7
150,15,log2,2,0.6904,18,5000,2.166561115,2,11,7
200,15,log2,2,0.693066667,18,5000,2.166561115,2,11,7
50,15,log2,5,0.687733333,18,5000,2.166561115,2,11,7
75,15,log2,5,0.691466667,18,5000,2.166561115,2,11,7
100,15,log2,5,0.688266667,18,5000,2.166561115,2,11,7
150,15,log2,5,0.686133333,18,5000,2.166561115,2,11,7
200,15,log2,5,0.6912,18,5000,2.166561115,2,11,7
50,15,log2,10,0.678933333,18,5000,2.166561115,2,11,7
75,15,log2,10,0.680533333,18,5000,2.166561115,2,11,7
100,15,log2,10,0.680266667,18,5000,2.166561115,2,11,7
150,15,log2,10,0.679466667,18,5000,2.166561115,2,11,7
200,15,log2,10,0.680533333,18,5000,2.166561115,2,11,7
50,50,sqrt,2,0.700266667,18,5000,2.166561115,2,11,7
75,50,sqrt,2,0.699466667,18,5000,2.166561115,2,11,7
100,50,sqrt,2,0.698666667,18,5000,2.166561115,2,11,7
150,50,sqrt,2,0.696,18,5000,2.166561115,2,11,7
200,50,sqrt,2,0.695733333,18,5000,2.166561115,2,11,7
50,50,sqrt,5,0.688266667,18,5000,2.166561115,2,11,7
75,50,sqrt,5,0.697066667,18,5000,2.166561115,2,11,7
100,50,sqrt,5,0.6936,18,5000,2.166561115,2,11,7
150,50,sqrt,5,0.697866667,18,5000,2.166561115,2,11,7
200,50,sqrt,5,0.6976,18,5000,2.166561115,2,11,7
50,50,sqrt,10,0.68,18,5000,2.166561115,2,11,7
75,50,sqrt,10,0.6912,18,5000,2.166561115,2,11,7
100,50,sqrt,10,0.689066667,18,5000,2.166561115,2,11,7
150,50,sqrt,10,0.688266667,18,5000,2.166561115,2,11,7
200,50,sqrt,10,0.690133333,18,5000,2.166561115,2,11,7
50,50,log2,2,0.700266667,18,5000,2.166561115,2,11,7
75,50,log2,2,0.699466667,18,5000,2.166561115,2,11,7
100,50,log2,2,0.698666667,18,5000,2.166561115,2,11,7
150,50,log2,2,0.696,18,5000,2.166561115,2,11,7
200,50,log2,2,0.695733333,18,5000,2.166561115,2,11,7
50,50,log2,5,0.688266667,18,5000,2.166561115,2,11,7
75,50,log2,5,0.697066667,18,5000,2.166561115,2,11,7
100,50,log2,5,0.6936,18,5000,2.166561115,2,11,7
150,50,log2,5,0.697866667,18,5000,2.166561115,2,11,7
200,50,log2,5,0.6976,18,5000,2.166561115,2,11,7
50,50,log2,10,0.68,18,5000,2.166561115,2,11,7
75,50,log2,10,0.6912,18,5000,2.166561115,2,11,7
100,50,log2,10,0.689066667,18,5000,2.166561115,2,11,7
150,50,log2,10,0.688266667,18,5000,2.166561115,2,11,7
200,50,log2,10,0.690133333,18,5000,2.166561115,2,11,7
